Item Number,Barcode
A19919-738-L,5059978636549
A19919-010-XL,5059978555017
A19919-010-S,5059978554980
0400NZ-451-4XL-TALL,5059978552764
0400NZ-451-3XL-TALL,5059978552757
0400NZ-451-2XL-TALL,5059978552740
0400NZ-010-4XL-TALL,5059978552696
0400NZ-010-3XL-TALL,5059978552689
0400NZ-010-2XL-TALL,5059978552672
A20107-657-3XL,5059978546848
A20107-657-2XL,5059978546831
A20107-657-XL,5059978546824
A20107-657-L,5059978546817
A20107-657-M,5059978546800
A20107-657-S,5059978546794
A20107-657-XS,5059978546787
A19914-343-XL,5059978546312
A19914-010-2XL,5059978544189
A19914-010-XL,5059978544172
A19914-010-L,5059978544165
A19914-451-M,5059978544158
A19914-451-S,5059978544141
A19916-451-L,5059978543328
A19918-451-XL,5059978542178
A19918-451-L,5059978542161
A19918-451-M,5059978542154
A19918-451-S,5059978542147
NT0202-452-XL,5059978506507
NT0202-452-L,5059978506491
NT0202-452-M,5059978506484
NT0202-452-S,5059978506477
NT0200-452-XL,5059978506453
NT0200-452-L,5059978506446
NT0200-452-M,5059978506439
NT0200-452-S,5059978506422
NT0212-452-XL,5059978506316
NT0212-452-L,5059978506309
NT0212-452-M,5059978506293
NT0212-452-S,5059978506286
NT0211-452-XL,5059978506170
NT0211-452-L,5059978506163
NT0211-452-M,5059978506156
NT0211-452-S,5059978506149
NT0201-452-3XL,5059978506064
NT0201-452-XL,5059978506040
NT0201-452-L,5059978506033
NT0201-452-M,5059978506026
NT0201-452-S,5059978506019
NT0199-452-3XL,5059978505944
NT0199-452-2XL,5059978505937
NT0199-452-XL,5059978505920
NT0199-452-L,5059978505913
NT0199-452-M,5059978505906
NT0199-452-S,5059978505890
CW6894-657-XL,5059978503148
CW6894-657-L,5059978503131
A20149-010-XL,5059978501717
A20149-010-M,5059978501694
A20148-010-XL,5059978501663
A20148-010-L,5059978501656
A20148-010-M,5059978501649
A20148-010-S,5059978501632
A20145-010-L,5059978501465
A20145-010-S,5059978501441
A20144-010-L,5059978501397
A20144-010-M,5059978501380
A20144-010-S,5059978501373
A20138-010-2XL,5059978501007
A20138-010-XL,5059978500994
A20138-010-L,5059978500987
A20138-010-M,5059978500970
A20138-010-S,5059978500963
A20137-010-3XL,5059978500932
A20137-010-2XL,5059978500925
A20137-010-XL,5059978500918
A20137-010-L,5059978500901
A20137-010-M,5059978500895
A20137-010-S,5059978500888
A20137-010-XS,5059978500871
NT0203-819-3XL,5059978394685
NT0203-819-2XL,5059978394678
NT0203-819-XL,5059978394661
NT0203-819-L,5059978394654
NT0203-819-M,5059978394647
NT0203-819-S,5059978394630
NT0204-819-XL,5059978394289
NT0204-819-L,5059978394272
NT0204-819-M,5059978394265
NT0204-819-S,5059978394258
NT0213-819-2XL,5059978393923
NT0213-819-XL,5059978393916
NT0213-819-L,5059978393909
NT0213-819-M,5059978393893
NT0213-819-S,5059978393886
NT0213-819-XS,5059978393879
DA0481-011-XL,5059978389353
DA0481-011-M,5059978389339
DA0481-011-XS,5059978389315
CW6157-451-2XL,5059978378838
BV3636-010-XL,5059978339044
BV3636-010-M,5059978339020
0232NZ-063-XL,5059978323357
0232NZ-063-L,5059978323340
0232NZ-063-M,5059978323333
BV6855-010-2XL,5059978317141
BV6855-010-XL,5059978317134
BV6865-010-XL,5059978308668
DD1917-010-XL,5059978304240
DD1917-010-L,5059978304233
DD1917-010-M,5059978304226
DD1917-010-S,5059978304219
DH2309-010-XS,5059978268085
BV2654-010-2XL-TALL,5059978244027
BV2654-010-L,5059978243976
BV2654-010-M,5059978243969
BV2654-010-S,5059978243952
0231NZ-451-XL,5059978234998
0231NZ-451-L,5059978234981
0231NZ-451-M,5059978234974
0231NZ-451-S,5059978234967
0231NZ-451-XS,5059978234950
0231NZ-100-XL,5059978234943
0231NZ-100-L,5059978234936
0231NZ-100-M,5059978234929
0231NZ-100-S,5059978234912
0231NZ-100-XS,5059978234905
0231NZ-063-XL,5059978234899
0231NZ-063-L,5059978234882
0231NZ-063-M,5059978234875
0231NZ-063-S,5059978234868
0227NZ-451-4XL,5059978233625
0227NZ-451-3XL,5059978233618
0227NZ-451-2XL,5059978233601
0227NZ-451-XL,5059978233595
0227NZ-451-L,5059978233588
0227NZ-451-M,5059978233571
0227NZ-451-S,5059978233564
0227NZ-100-4XL,5059978231218
0227NZ-100-3XL,5059978231201
0227NZ-100-2XL,5059978230853
0227NZ-100-XL,5059978230846
0227NZ-100-L,5059978230839
0227NZ-100-M,5059978230822
0227NZ-100-S,5059978230815
0231NZ-010-XL,5059978230785
0231NZ-010-L,5059978230778
0231NZ-010-M,5059978230761
SX7622-100-S,5059978230693
0400NZ-451-4XL,5059978230143
0400NZ-451-3XL,5059978230136
0400NZ-451-2XL,5059978230129
0400NZ-451-XL,5059978230112
0400NZ-451-L,5059978230105
0400NZ-451-M,5059978230099
0400NZ-451-S,5059978230082
0400NZ-010-4XL,5059978229932
0400NZ-010-3XL,5059978229925
0400NZ-010-2XL,5059978229918
0400NZ-010-XL,5059978229901
0400NZ-010-L,5059978229895
0400NZ-010-M,5059978229888
0400NZ-010-S,5059978229871
0231NZ-010-S,5059978229451
0402NZ-451-XL,5059978227839
0402NZ-451-L,5059978227822
0402NZ-451-M,5059978227815
0402NZ-451-S,5059978227808
0402NZ-451-XS,5059978227792
0402NZ-010-XL,5059978227785
0402NZ-010-L,5059978227778
0402NZ-010-M,5059978227761
0402NZ-010-S,5059978227754
0402NZ-010-XS,5059978227747
0401NZ-451-2XL,5059978227556
0401NZ-451-XL,5059978227549
0401NZ-451-L,5059978227532
0401NZ-451-M,5059978227525
0401NZ-451-S,5059978227518
0401NZ-451-XS,5059978227501
0401NZ-010-2XL,5059978227495
0401NZ-010-XL,5059978227488
0401NZ-010-L,5059978227471
0401NZ-010-M,5059978227464
0401NZ-010-S,5059978227457
0401NZ-010-XS,5059978227440
0349NZ-451-XL,5059978226313
0349NZ-451-L,5059978226306
0349NZ-451-M,5059978226290
0349NZ-451-S,5059978226283
0349NZ-451-XS,5059978226276
0348NZ-451-2XL,5059978225910
0348NZ-451-XL,5059978225903
0348NZ-451-L,5059978225897
0348NZ-451-M,5059978225880
0348NZ-451-S,5059978225873
0348NZ-451-XS,5059978225866
0347NZ-451-4XL,5059978224944
0347NZ-451-3XL,5059978224937
0347NZ-451-2XL,5059978224920
0347NZ-451-XL,5059978224913
0347NZ-451-L,5059978224906
DH2309-010-2XL,5059978224388
DH2309-010-S,5059978224340
0347NZ-451-M,5059978221028
0347NZ-451-S,5059978221011
0347NZ-010-2XL,5059978220984
0347NZ-010-XL,5059978220977
0347NZ-010-L,5059978220960
0347NZ-010-M,5059978220953
0337NZ-100-XL,5059978220458
0337NZ-100-L,5059978220441
0337NZ-100-M,5059978220434
0337NZ-100-S,5059978220427
0335NZ-100-4XL,5059978220236
0335NZ-100-3XL,5059978220229
0335NZ-100-2XL,5059978220212
0335NZ-100-XL,5059978220205
DH0857-100-XL,5059978219438
DH0857-100-L,5059978219421
DH0857-100-M,5059978219414
DH0857-100-S,5059978219407
DH0857-010-2XL,5059978219391
DH0857-010-XL,5059978219384
DH0857-010-L,5059978219377
DH0857-010-M,5059978219360
DH0857-010-S,5059978219353
0335NZ-100-L,5059978218387
0335NZ-100-M,5059978218370
0335NZ-100-S,5059978218363
0414NZ-451-XL,5059978212712
0414NZ-451-L,5059978212705
0414NZ-451-M,5059978212699
0414NZ-451-S,5059978212682
0414NZ-451-XS,5059978212675
0414NZ-010-XL,5059978212668
0414NZ-010-L,5059978212651
0414NZ-010-M,5059978212644
0414NZ-010-S,5059978212637
0414NZ-010-XS,5059978212620
0413NZ-451-2XL,5059978212552
0413NZ-451-XL,5059978212545
0413NZ-451-L,5059978212538
0413NZ-451-M,5059978212521
0413NZ-451-S,5059978212514
0413NZ-451-XS,5059978212507
0413NZ-010-2XL,5059978212491
0413NZ-010-XL,5059978212484
0413NZ-010-L,5059978212477
0413NZ-010-M,5059978212460
0413NZ-010-S,5059978212453
0413NZ-010-XS,5059978212446
0412NZ-451-4XL,5059978212439
0412NZ-451-3XL,5059978212422
0412NZ-451-2XL,5059978212415
0412NZ-451-XL,5059978212408
0412NZ-451-L,5059978212392
0412NZ-451-M,5059978212385
0412NZ-451-S,5059978212378
0412NZ-100-4XL,5059978212361
0412NZ-100-3XL,5059978212354
0412NZ-100-2XL,5059978212347
0412NZ-100-XL,5059978212330
0412NZ-100-L,5059978212323
0412NZ-100-M,5059978212316
0412NZ-100-S,5059978212309
0412NZ-010-4XL,5059978212293
0412NZ-010-3XL,5059978212286
0412NZ-010-2XL,5059978212279
0412NZ-010-XL,5059978212262
0412NZ-010-L,5059978212255
0412NZ-010-M,5059978212248
0412NZ-010-S,5059978212231
0414NZ-100-XL,5059978211869
0414NZ-100-L,5059978211852
0414NZ-100-M,5059978211845
0414NZ-100-S,5059978211838
0414NZ-100-XS,5059978211821
0232NZ-451-XL,5059978189908
0232NZ-451-L,5059978189892
0232NZ-451-M,5059978189885
0232NZ-451-S,5059978189878
0232NZ-010-XL,5059978189854
0232NZ-010-L,5059978189847
0232NZ-010-M,5059978189830
0232NZ-010-S,5059978189823
0228NZ-451-3XL,5059978189793
0228NZ-451-2XL,5059978189786
0228NZ-451-XL,5059978189779
0228NZ-451-L,5059978189762
0228NZ-451-M,5059978189755
0228NZ-451-S,5059978189748
0228NZ-063-3XL,5059978189724
0228NZ-063-2XL,5059978189717
0228NZ-063-XL,5059978189700
0228NZ-063-L,5059978189694
0228NZ-063-M,5059978189687
0228NZ-063-S,5059978189670
0228NZ-010-3XL,5059978189656
0228NZ-010-2XL,5059978189649
0228NZ-010-XL,5059978189632
0228NZ-010-L,5059978189625
0228NZ-010-M,5059978189618
0228NZ-010-S,5059978189601
0227NZ-063-3XL,5059978189588
0227NZ-063-2XL,5059978189571
0227NZ-063-XL,5059978189564
0227NZ-063-L,5059978189557
0227NZ-063-M,5059978189540
0227NZ-063-S,5059978189533
0227NZ-010-4XL,5059978189526
0227NZ-010-3XL,5059978189519
0227NZ-010-2XL,5059978189502
0227NZ-010-XL,5059978189496
0227NZ-010-L,5059978189489
0227NZ-010-M,5059978189472
0227NZ-010-S,5059978189465
DH0822-010-XL,5059978184927
DH0822-010-L,5059978184910
DH0822-010-M,5059978184903
DH0822-010-S,5059978184897
DH0822-010-XS,5059978184880
0226NZ-451,5059978069231
0223NZ-451-1SIZE,5059978065264
0223NZ-010-1SIZE,5059978065257
0222NZ-451-MISC,5059978065240
0222NZ-010-1SIZE,5059978065233
0213NZ-010-XL,5059978063734
0213NZ-010-L,5059978063727
0213NZ-010-M,5059978063710
0213NZ-010-S,5059978063703
0208NZ-010-4XL,5059978062560
0208NZ-010-3XL,5059978062553
0208NZ-010-2XL,5059978062546
0208NZ-010-XL,5059978062539
0208NZ-010-L,5059978062522
0208NZ-010-M,5059978062515
0208NZ-010-S,5059978062508
0018NZ-451-4XL,5059978045372
0018NZ-451-3XL,5059978045365
0018NZ-451-2XL,5059978045358
0018NZ-451-XL,5059978045341
0018NZ-451-L,5059978045334
0018NZ-451-M,5059978045327
0018NZ-451-S,5059978045310
0018NZ-451-XS,5059978045303
0018NZ-010-4XL,5059978045136
0018NZ-010-3XL,5059978045129
0018NZ-010-2XL,5059978045112
0018NZ-010-XL,5059978045105
0018NZ-010-L,5059978045099
0018NZ-010-M,5059978045082
0018NZ-010-S,5059978045075
0018NZ-010-XS,5059978045068
NT0558-657-XL,5059978017225
NT0558-657-L,5059978017218
NT0558-657-M,5059978017201
NT0558-657-S,5059978017195
NT0558-451-XL,5059978017171
NT0558-451-L,5059978017164
NT0558-451-M,5059978017157
NT0558-451-S,5059978017140
NT0558-010-XL,5059978017072
NT0558-010-L,5059978017065
NT0558-010-M,5059978017058
NT0558-010-S,5059978017041
NT0583-677-XL,5059978017027
NT0583-677-L,5059978017010
NT0583-677-M,5059978017003
NT0583-677-S,5059978016990
NT0583-658-XL,5059978016976
NT0583-658-L,5059978016969
NT0583-658-M,5059978016952
NT0583-658-S,5059978016945
NT0583-451-XL,5059978016723
NT0583-451-L,5059978016716
NT0583-451-M,5059978016709
NT0583-451-S,5059978016693
NT0583-010-XL,5059978016679
NT0583-010-L,5059978016662
NT0583-010-M,5059978016655
NT0583-010-S,5059978016648
NT0557-657-4XL,5059978016624
NT0557-657-3XL,5059978016617
NT0557-657-2XL,5059978016600
NT0557-657-XL,5059978016594
NT0557-657-L,5059978016587
NT0557-657-M,5059978016570
NT0557-657-S,5059978016563
NT0557-451-4XL,5059978016556
NT0557-451-3XL,5059978016549
NT0557-451-2XL,5059978016532
NT0557-451-XL,5059978016525
NT0557-451-L,5059978016518
NT0557-451-M,5059978016501
NT0557-451-S,5059978016495
NT0557-010-4XL,5059978016419
NT0557-010-3XL,5059978016402
NT0557-010-2XL,5059978016396
NT0557-010-XL,5059978016389
NT0557-010-L,5059978016372
NT0557-010-M,5059978016365
NT0557-010-S,5059978016358
NT0582-677-4XL,5059978016341
NT0582-677-3XL,5059978016334
NT0582-677-2XL,5059978016327
NT0582-677-XL,5059978016310
NT0582-677-L,5059978016303
NT0582-677-M,5059978016297
NT0582-677-S,5059978016280
NT0582-658-4XL,5059978016273
NT0582-658-3XL,5059978016266
NT0582-658-2XL,5059978016259
NT0582-658-XL,5059978016242
NT0582-658-L,5059978016235
NT0582-658-M,5059978016228
NT0582-658-S,5059978016211
NT0582-100-4XL,5059978015993
NT0582-100-3XL,5059978015986
NT0582-100-2XL,5059978015979
NT0582-100-XL,5059978015962
NT0582-100-L,5059978015955
NT0582-100-M,5059978015948
NT0582-100-S,5059978015931
NT0582-451-4XL,5059978015924
NT0582-451-3XL,5059978015917
NT0582-451-2XL,5059978015900
NT0582-451-XL,5059978015894
NT0582-451-L,5059978015887
NT0582-451-M,5059978015870
NT0582-451-S,5059978015863
NT0582-010-4XL,5059978015856
NT0582-010-3XL,5059978015849
NT0582-010-2XL,5059978015832
NT0582-010-XL,5059978015825
NT0582-010-L,5059978015818
NT0582-010-M,5059978015801
NT0582-010-S,5059978015795
DH2309-010-L,1952450900876
AJ7687-010-M,888410978092
AR0382-010-L,888408959126
AJ8128-010-XL,888408440716
AJ8128-010-L,888408440709
AJ8128-010-S,888408437839
AJ8128-010-XS,888408437822
SX7673-100-M,888408294517
SX7664-100-XL,888407233890
SX7664-100-L,888407233883
SX7664-100-M,888407233876
SX7664-100-S,888407233869
SX7664-010-XL,888407233623
SX7664-010-L,888407233616
SX7664-010-M,888407233609
SX7664-010-S,888407233593
N.100.3111.058.64,887791410689
N.100.2145.010.OS,887791392664
N.100.2146.010.OS,887791391995
N.100.2146.101.OS,887791391865
N.000.3537.036.OS,887791385338
N.100.2455.127.OS,887791373007
N.100.2041.101.SM,887791370075
N.100.2041.101.LX,887791370068
N.100.2021.176.OS,887791366627
N.000.3146.127.SM,887791340788
N.000.3146.127.LX,887791340771
N.000.3146.027.SM,887791340764
N.000.3146.027.LX,887791340757
N.KJ.01.027.NS,887791177537
N.IA.17.010.NS,887791023032
895863-010-XL,887229873062
895863-010-M,887229873048
895863-010-XS,887229873024
932499-010-XL,887225961770
932499-010-L,887225958770
932499-010-M,887225955656
932499-010-S,887225955625
932499-010-XS,887225953539
943092-010-MISC,887225037086
943091-010-MISC,887225037031
718833-451-3XL,886066697633
718833-100-3XL,886066695219
718833-010-3XL,886066690085
833589-010-2XL,885178044021
833589-010-XL,885178044014
833589-010-M,885178043994
AJ4110-010-XL,883418961176
AJ4110-010-L,883418961169
AJ4110-010-M,883418961152
AJ4110-010-S,883418961145
AJ4110-010-XS,883418961138
AA0737-010-2XL,883418920845
AA0737-010-XL,883418920838
AA0737-010-L,883418920814
AA0737-010-M,883418920807
AA0737-010-S,883418920784
N.NN.07.101.OS,845840058480
N.NN.07.051.OS,845840058299
683485-010-M,826218445194
718833-451-2XL,823229517698
718833-100-2XL,823229488424
718833-100-S,823229484921
718833-010-S,823229475707
NT0315-463-3XL,792816498811
NT0315-463-2XL,792816498804
NT0315-463-XL,792816498798
NT0315-463-M,792816498774
NT0315-463-S,792816498767
NT0214-010-S,792816492383
NT0205-657-3XL-TALL,792816484685
0341NZ-010-4XLT,792816483800
0341NZ-010-3XLT,792816483794
0341NZ-010-2XLT,792816483787
0338NZ-451-4XLT,792816483527
0338NZ-010-4XL-TALL,792816483459
0338NZ-010-3XL-TALL,792816483442
0338NZ-010-2XL-TALL,792816483435
NT0405-133-XL,792816483053
NT0405-133-L,792816483046
NT0426-133-XL,792816483039
NT0426-133-L,792816483022
NT0215-010-3XL-TALL,792816482933
NT0214-010-3XL-TALL,792816482179
NT0214-657-3XL-TALL,792816482124
NT0214-657-XL-TALL,792816482100
NT0214-657-L-TALL,792816482094
NT0214-657-3XL,792816482087
NT0212-464-3XL-TALL,792816481950
NT0212-464-2XL-TALL,792816481943
NT0212-464-3XL,792816481912
NT0211-464-3XL-TALL,792816481844
NT0211-464-2XL-TALL,792816481837
NT0211-464-3XL,792816481806
NT0212-719-3XL-TALL,792816481387
NT0212-719-2XL-TALL,792816481370
NT0212-719-3XL,792816481349
NT0211-719-3XL-TALL,792816481271
NT0211-719-2XL-TALL,792816481264
NT0211-719-3XL,792816481233
NT0201-719-L-TALL,792816481134
NT0212-819-XS,792816479902
NT0211-819-XS,792816479896
NT0202-819-XL,792816479889
NT0202-819-L,792816479872
NT0202-819-M,792816479865
NT0202-819-S,792816479858
NT0212-819-XL,792816479742
NT0212-819-L,792816479735
NT0212-819-M,792816479728
NT0212-819-S,792816479711
NT0201-819-3XL,792816479636
NT0201-819-2XL,792816479629
NT0201-819-XL,792816479612
NT0201-819-L,792816479605
NT0201-819-M,792816479599
NT0201-819-S,792816479582
NT0200-819-XL,792816479575
NT0200-819-L,792816479568
NT0200-819-M,792816479551
NT0200-819-S,792816479544
NT0211-819-2XL,792816479445
NT0211-819-XL,792816479438
NT0211-819-L,792816479421
NT0211-819-M,792816479414
NT0211-819-S,792816479407
NT0199-819-3XL,792816479322
NT0199-819-2XL,792816479315
NT0199-819-XL,792816479308
NT0199-819-L,792816479292
NT0199-819-M,792816479285
NT0199-819-S,792816479278
0907NZ-657-L,792816479230
0907NZ-657-M,792816479223
0907NZ-657-S,792816479216
0907NZ-657-XS,792816479209
0907NZ-463-XL,792816479193
0907NZ-463-L,792816479186
0907NZ-463-M,792816479179
0907NZ-463-S,792816479162
0907NZ-463-XS,792816479155
0907NZ-451-XL,792816479148
0907NZ-451-L,792816479131
0907NZ-451-M,792816479124
0907NZ-451-S,792816479117
0907NZ-451-XS,792816479100
0907NZ-302-XL,792816479094
0907NZ-302-L,792816479087
0907NZ-302-M,792816479070
0907NZ-302-S,792816479063
0907NZ-302-XS,792816479056
0907NZ-010-XL,792816479049
0907NZ-010-L,792816479032
0907NZ-010-M,792816479025
0907NZ-010-S,792816479018
0907NZ-010-XS,792816479001
0905NZ-657-XL,792816478691
0905NZ-657-L,792816478684
0905NZ-657-M,792816478677
0905NZ-657-S,792816478660
0905NZ-657-XS,792816478653
0905NZ-463-XL,792816478646
0905NZ-463-L,792816478639
0905NZ-463-M,792816478622
0905NZ-463-S,792816478615
0905NZ-463-XS,792816478608
0905NZ-451-XL,792816478592
0905NZ-451-L,792816478585
0905NZ-451-M,792816478578
0905NZ-451-S,792816478561
0905NZ-451-XS,792816478554
0905NZ-302-XL,792816478547
0905NZ-302-L,792816478530
0905NZ-302-M,792816478523
0905NZ-302-S,792816478516
0905NZ-302-XS,792816478509
0905NZ-101-XL,792816478493
0905NZ-101-L,792816478486
0905NZ-101-M,792816478479
0905NZ-101-S,792816478462
0905NZ-101-XS,792816478455
0905NZ-100-XL,792816478448
0905NZ-100-L,792816478431
0905NZ-100-M,792816478424
0905NZ-100-S,792816478417
0905NZ-100-XS,792816478400
0905NZ-010-XL,792816478394
0905NZ-010-L,792816478387
0905NZ-010-M,792816478370
0905NZ-010-S,792816478363
0905NZ-010-XS,792816478356
0904NZ-657-2XL,792816478349
0904NZ-657-XL,792816478332
0904NZ-657-L,792816478325
0904NZ-657-M,792816478318
0904NZ-657-S,792816478301
0904NZ-657-XS,792816478295
0904NZ-463-2XL,792816478288
0904NZ-463-XL,792816478271
0904NZ-463-L,792816478264
0904NZ-463-M,792816478257
0904NZ-463-S,792816478240
0904NZ-463-XS,792816478233
0904NZ-451-2XL,792816478226
0904NZ-451-XL,792816478219
0904NZ-451-L,792816478202
0904NZ-451-M,792816478196
0904NZ-451-S,792816478189
0904NZ-451-XS,792816478172
0904NZ-302-2XL,792816478165
0904NZ-302-XL,792816478158
0904NZ-302-L,792816478141
0904NZ-302-M,792816478134
0904NZ-302-S,792816478127
0904NZ-302-XS,792816478110
0904NZ-010-2XL,792816478042
0904NZ-010-XL,792816478035
0904NZ-010-L,792816478028
0904NZ-010-M,792816478011
0904NZ-010-S,792816478004
0904NZ-010-XS,792816477991
0903NZ-657-2XL,792816477984
0903NZ-657-XL,792816477977
0903NZ-657-L,792816477960
0903NZ-657-M,792816477953
0903NZ-657-S,792816477946
0903NZ-657-XS,792816477939
0903NZ-463-2XL,792816477922
0903NZ-463-XL,792816477915
0903NZ-463-L,792816477908
0903NZ-463-M,792816477892
0903NZ-463-S,792816477885
0903NZ-463-XS,792816477878
0903NZ-451-2XL,792816477861
0903NZ-451-XL,792816477854
0903NZ-451-L,792816477847
0903NZ-451-M,792816477830
0903NZ-451-S,792816477823
0903NZ-451-XS,792816477816
0903NZ-302-2XL,792816477809
0903NZ-302-XL,792816477793
0903NZ-302-L,792816477786
0903NZ-302-M,792816477779
0903NZ-302-S,792816477762
0903NZ-302-XS,792816477755
0903NZ-101-2XL,792816477748
0903NZ-101-XL,792816477731
0903NZ-101-L,792816477724
0903NZ-101-XS,792816477694
0903NZ-100-2XL,792816477687
0903NZ-100-XL,792816477670
0903NZ-100-L,792816477663
0903NZ-100-M,792816477656
0903NZ-100-S,792816477649
0903NZ-100-XS,792816477632
0903NZ-010-2XL,792816477625
0903NZ-010-XL,792816477618
0903NZ-010-L,792816477601
0903NZ-010-M,792816477595
0903NZ-010-S,792816477588
0903NZ-010-XS,792816477571
0902NZ-657-2XL,792816477564
0902NZ-657-XL,792816477557
0902NZ-657-L,792816477540
0902NZ-657-M,792816477533
0902NZ-657-S,792816477526
0902NZ-463-2XL,792816477502
0902NZ-463-XL,792816477496
0902NZ-463-L,792816477489
0902NZ-463-M,792816477472
0902NZ-463-S,792816477465
0902NZ-451-2XL,792816166055
0902NZ-451-XL,792816166048
0902NZ-451-L,792816166031
0902NZ-451-M,792816166024
0902NZ-451-S,792816166017
0902NZ-302-2XL,792816165997
0902NZ-302-XL,792816165980
0902NZ-302-L,792816165973
0902NZ-302-M,792816165966
0902NZ-302-S,792816165959
0902NZ-100-2XL,792816165874
0902NZ-100-XL,792816165867
0902NZ-100-L,792816165850
0902NZ-100-M,792816165843
0902NZ-100-S,792816165836
0902NZ-010-2XL,792816165812
0902NZ-010-XL,792816165805
0902NZ-010-L,792816165799
0902NZ-010-M,792816165782
0902NZ-010-S,792816165775
0900NZ-657-3XL,792816165393
0900NZ-657-2XL,792816165386
0900NZ-657-XL,792816165379
0900NZ-657-L,792816165362
0900NZ-657-M,792816165355
0900NZ-657-S,792816165348
0900NZ-463-3XL,792816165331
0900NZ-463-2XL,792816165324
0900NZ-463-XL,792816165317
0900NZ-463-L,792816165300
0900NZ-463-M,792816165294
0900NZ-463-S,792816165287
0900NZ-451-3XL,792816165270
0900NZ-451-2XL,792816165263
0900NZ-451-XL,792816165256
0900NZ-451-L,792816165249
0900NZ-451-M,792816165232
0900NZ-302-3XL,792816165218
0900NZ-302-2XL,792816165201
0900NZ-302-XL,792816165195
0900NZ-302-L,792816165188
0900NZ-302-M,792816165171
0900NZ-302-S,792816165164
0900NZ-100-3XL,792816165096
0900NZ-100-2XL,792816165089
0900NZ-100-XL,792816165072
0900NZ-100-L,792816165065
0900NZ-100-M,792816165058
0900NZ-100-S,792816165041
0900NZ-010-3XL,792816165034
0900NZ-010-2XL,792816165027
0900NZ-010-XL,792816165010
0900NZ-010-L,792816165003
NT0215-451-3XL-TALL,792816139295
NT0215-451-2XL-TALL,792816139288
NT0215-451-XL-TALL,792816139271
NT0215-451-L-TALL,792816139264
NT0215-451-3XL,792816139240
NT0214-451-3XL-TALL,792816139219
NT0214-451-2XL-TALL,792816139202
NT0214-451-XL-TALL,792816139196
NT0214-451-L-TALL,792816139189
NT0214-451-3XL,792816139165
NT0213-719-XS,792816139134
NT0213-719-3XL-TALL,792816139127
NT0213-719-2XL-TALL,792816139110
NT0213-719-XL-TALL,792816139103
NT0213-719-L-TALL,792816139097
NT0213-719-3XL,792816139066
NT0203-719-L-TALL,792816138977
0107NZ-719-2XL,746092761244
0107NZ-719-XL,746092761237
0107NZ-719-L,746092761220
0107NZ-719-M,746092761213
0107NZ-719-S,746092761206
0107NZ-719-XS,746092761190
0107NZ-657-2XL,746092761121
0107NZ-657-XL,746092761114
0107NZ-657-L,746092761107
0107NZ-657-M,746092761091
0107NZ-657-S,746092761084
0107NZ-657-XS,746092761077
0107NZ-463-2XL,746092761060
0107NZ-463-XL,746092761053
0107NZ-463-L,746092761046
0107NZ-463-M,746092761039
0107NZ-463-S,746092761022
0107NZ-463-XS,746092761015
0107NZ-451-2XL,746092761008
0107NZ-451-XL,746092760995
0107NZ-451-L,746092760988
0107NZ-451-M,746092760971
0107NZ-451-S,746092760964
0107NZ-451-XS,746092760957
0107NZ-101-2XL,746092760940
0107NZ-101-M,746092760919
0107NZ-101-S,746092760902
0107NZ-101-XS,746092760896
0107NZ-100-2XL,746092760889
0107NZ-100-XL,746092760872
0107NZ-100-L,746092760865
0107NZ-100-M,746092760858
0107NZ-100-S,746092760841
0107NZ-100-XS,746092760834
0107NZ--010-2XL,746092760827
0107NZ-010-XL,746092760810
0107NZ-010-L,746092760803
0107NZ-010-M,746092760797
0107NZ-010-S,746092760780
0107NZ-010-XS,746092760773
0106NZ-463-XL,746092760711
0106NZ-463-L,746092760704
0106NZ-463-M,746092760698
0106NZ-463-S,746092760681
0106NZ-463-XS,746092760674
0106NZ-451-XL,746092760667
0106NZ-451-L,746092760650
0106NZ-451-M,746092760643
0106NZ-451-S,746092760636
0106NZ-451-XS,746092760629
0106NZ-100-XL,746092760612
0106NZ-100-L,746092760605
0106NZ-100-M,746092760599
0106NZ-100-S,746092760582
0106NZ-100-XS,746092760575
0106NZ-010-XL,746092760568
0106NZ-010-L,746092760551
0106NZ-010-M,746092760544
0106NZ-010-S,746092760537
0106NZ-010-XS,746092760520
0105NZ-657-XL,746092760513
0105NZ-657-L,746092760506
0105NZ-657-M,746092760490
0105NZ-657-S,746092760483
0105NZ-463-XL,746092760469
0105NZ-463-L,746092760452
0105NZ-463-M,746092760445
0105NZ-463-S,746092760438
0105NZ-463-XS,746092760421
0105NZ-451-XL,746092760414
0105NZ-451-L,746092760407
0105NZ-451-M,746092760391
0105NZ-451-S,746092760384
0105NZ-451-XS,746092760377
0105NZ-100-XL,746092760360
0105NZ-100-L,746092760353
0105NZ-100-M,746092760346
0105NZ-100-S,746092760339
0105NZ-100-XS,746092760322
0105NZ-010-XL,746092760315
0105NZ-010-L,746092760308
0105NZ-010-M,746092760292
0105NZ-010-S,746092760285
0105NZ-010-XS,746092760278
0104NZ-719-XL,746092760261
0104NZ-719-L,746092760254
0104NZ-719-M,746092760247
0104NZ-719-S,746092760230
0104NZ-719-XS,746092760223
0104NZ-657-XS,746092760070
0104NZ-463-XL,746092760063
0104NZ-463-L,746092760056
0104NZ-463-M,746092760049
0104NZ-463-S,746092760032
0104NZ-463-XS,746092760025
0104NZ-451-XL,746092760018
0104NZ-451-L,746092760001
0104NZ-451-M,746092759999
0104NZ-451-S,746092759982
0104NZ-451-XS,746092759975
0104NZ-100-XL,746092759869
0104NZ-100-L,746092759852
0104NZ-100-M,746092759845
0104NZ-100-S,746092759838
0104NZ-100-XS,746092759821
0104NZ-010-XL,746092759814
0104NZ-010-L,746092759807
0104NZ-010-M,746092759791
0104NZ-010-S,746092759784
0104NZ-010-XS,746092759777
0103NZ-657-2XL,746092759760
0103NZ-657-XL,746092759753
0103NZ-657-L,746092759746
0103NZ-657-M,746092759739
0103NZ-657-S,746092759722
0103NZ-657-XS,746092759715
0103NZ-463-2XL,746092759708
0103NZ-463-XL,746092759692
0103NZ-463-L,746092759685
0103NZ-463-M,746092759678
0103NZ-463-S,746092759661
0103NZ-463-XS,746092759654
0103NZ-451-2XL,746092759647
0103NZ-451-XL,746092759630
0103NZ-451-L,746092759623
0103NZ-451-M,746092759616
0103NZ-451-S,746092759609
0103NZ-451-XS,746092759593
0103NZ-100-2XL,746092759586
0103NZ-100-XL,746092759579
0103NZ-100-L,746092759562
0103NZ-100-M,746092759555
0103NZ-100-S,746092759548
0103NZ-100-XS,746092759531
0103NZ-010-2XL,746092759524
0103NZ-010-XL,746092759517
0103NZ-010-L,746092759500
0103NZ-010-M,746092759494
0103NZ-010-S,746092759487
0103NZ-010-XS,746092759470
0102NZ-719-2XL,746092759463
0102NZ-719-XL,746092759456
0102NZ-719-L,746092759449
0102NZ-719-M,746092759432
0102NZ-719-S,746092759425
0102NZ-719-XS,746092759418
0102NZ-658-2XL,746092759340
0102NZ-658-XL,746092759333
0102NZ-658-L,746092759326
0102NZ-658-M,746092759319
0102NZ-658-S,746092759302
0102NZ-658-XS,746092759296
0102NZ-657-2XL,746092759289
0102NZ-657-XL,746092759272
0102NZ-657-L,746092759265
0102NZ-657-M,746092759258
0102NZ-657-S,746092759241
0102NZ-657-XS,746092759234
0102NZ-463-2XL,746092759227
0102NZ-463-XL,746092759210
0102NZ-463-L,746092759203
0102NZ-463-M,746092759197
0102NZ-463-S,746092759180
0102NZ-463-XS,746092759173
0102NZ-451-2XL,746092759166
0102NZ-451-XL,746092759159
0102NZ-451-L,746092759142
0102NZ-451-M,746092759135
0102NZ-451-S,746092759128
0102NZ-451-XS,746092759111
0102NZ-100-2XL,746092758985
0102NZ-100-XL,746092758978
0102NZ-100-L,746092758961
0102NZ-100-M,746092758954
0102NZ-100-S,746092758947
0102NZ-100-XS,746092758930
0102NZ-010-2XL,746092758923
0102NZ-010-XL,746092758916
0102NZ-010-L,746092758909
0102NZ-010-M,746092758893
0102NZ-010-S,746092758886
0102NZ-010-XS,746092758879
0101NZ-463-3XL,746092758800
0101NZ-463-2XL,746092758794
0101NZ-463-XL,746092758787
0101NZ-463-L,746092758770
0101NZ-463-M,746092758763
0101NZ-463-S,746092758756
0101NZ-451-XL,746092758725
0101NZ-451-L,746092758718
0101NZ-451-M,746092758701
0101NZ-451-S,746092758695
0101NZ-100-3XL,746092758688
0101NZ-100-2XL,746092758671
0101NZ-100-XL,746092758664
0101NZ-100-L,746092758657
0101NZ-100-M,746092758640
0101NZ-100-S,746092758633
0101NZ-010-3XL,746092758626
0101NZ-010-2XL,746092758619
0101NZ-010-XL,746092758602
0101NZ-010-L,746092758596
0101NZ-010-M,746092758589
0101NZ-010-S,746092758572
0100NZ-719-2XL,746092758558
0100NZ-719-XL,746092758541
0100NZ-719-L,746092758534
0100NZ-719-M,746092758527
0100NZ-719-S,746092758510
0100NZ-658-L,746092758411
0100NZ-657-3XL,746092758381
0100NZ-657-2XL,746092758374
0100NZ-657-XL,746092758367
0100NZ-657-L,746092758350
0100NZ-657-M,746092758343
0100NZ-657-S,746092758336
0100NZ-463-3XL,746092758329
0100NZ-463-2XL,746092758312
0100NZ-463-XL,746092758305
0100NZ-463-L,746092758299
0100NZ-463-M,746092758282
0100NZ-463-S,746092758275
0100NZ-451-3XL,746092758268
0100NZ-451-2XL,746092758251
0100NZ-451-XL,746092758244
0100NZ-451-L,746092758237
0100NZ-451-M,746092758220
0100NZ-451-S,746092758213
0100NZ-100-3XL,746092758084
0100NZ-100-2XL,746092758077
0100NZ-100-XL,746092758060
0100NZ-100-L,746092758053
0100NZ-100-M,746092758046
0100NZ-100-S,746092758039
0100NZ-010-S,746092757971
0100NZ-010-3XL,742776912834
0100NZ-010-2XL,742776912827
0100NZ-010-XL,742776912810
0100NZ-010-L,742776912803
0100NZ-010-M,742776912797
NT0199-010-3XL,742776854790
NT0199-010-2XL,742776854783
NT0199-010-XL,742776854776
NT0199-010-L,742776854769
NT0199-010-M,742776854752
NT0199-010-S,742776854745
NT0322-451-2XL,739601866080
NT0322-451-XL,739601866073
NT0322-451-L,739601866066
NT0322-451-M,739601866059
NT0322-451-S,739601866042
NT0322-451-XS,739601866035
NT0322-010-2XL,739601865847
NT0322-010-XL,739601865830
NT0322-010-L,739601865823
NT0322-010-M,739601865816
NT0322-010-S,739601865809
NT0322-010-XS,739601865793
NT0321-451-3XL,739601865687
NT0321-451-2XL,739601865670
NT0321-451-XL,739601865663
NT0321-451-L,739601865656
NT0321-451-M,739601865649
NT0321-451-S,739601865632
NT0321-010-3XL,739601865441
NT0321-010-2XL,739601865434
NT0321-010-XL,739601865427
NT0321-010-L,739601865410
NT0321-010-M,739601865403
NT0321-010-S,739601865397
NT0320-451-2XL,739601865281
NT0320-451-XL,739601865274
NT0320-451-L,739601865267
NT0320-451-S,739601865243
NT0320-451-XS,739601865236
NT0320-010-2XL,739601865045
NT0320-010-XL,739601865038
NT0320-010-L,739601865021
NT0320-010-M,739601865014
NT0320-010-S,739601865007
NT0320-010-XS,739601864994
NT0319-451-3XL,739601864888
NT0319-451-2XL,739601864871
NT0319-451-XL,739601864864
NT0319-451-L,739601864857
NT0319-451-M,739601864840
NT0319-451-S,739601864833
NT0319-010-3XL,739601864642
NT0319-010-2XL,739601864635
NT0319-010-XL,739601864628
NT0319-010-L,739601864611
NT0319-010-M,739601864604
NT0319-010-S,739601864598
NT0318-451-2XL,739601864406
NT0318-451-XL,739601864390
NT0318-451-L,739601864383
NT0318-451-M,739601864376
NT0318-451-S,739601864369
NT0318-451-XS,739601864352
NT0318-010-2XL,739601864086
NT0318-010-XL,739601864079
NT0318-010-L,739601864062
NT0318-010-M,739601864055
NT0318-010-S,739601864048
NT0318-010-XS,739601864031
NT0317-451-3XL,739601863843
NT0317-451-2XL,739601863836
NT0317-451-XL,739601863829
NT0317-451-L,739601863812
NT0317-451-M,739601863805
NT0317-010-3XL,739601863522
NT0317-010-2XL,739601863515
NT0317-010-XL,739601863508
NT0317-010-M,739601863485
NT0317-010-S,739601863478
NT0316-463-2XL,739601863362
NT0316-463-XL,739601863355
NT0316-463-L,739601863348
NT0316-463-M,739601863331
NT0316-463-S,739601863324
NT0316-463-XS,739601863317
NT0316-451-2XL,739601863287
NT0316-451-XL,739601863270
NT0316-451-L,739601863263
NT0316-451-M,739601863256
NT0316-060-2XL,739601863126
NT0316-060-XL,739601863119
NT0316-060-L,739601863102
NT0316-060-M,739601863096
NT0316-060-S,739601863089
NT0316-060-XS,739601863072
NT0316-012-2XL,739601863041
NT0316-012-XL,739601863034
NT0316-012-L,739601863027
NT0316-012-M,739601863010
NT0316-012-S,739601863003
NT0316-012-XS,739601862990
NT0316-010-2XL,739601862969
NT0316-010-XL,739601862952
NT0316-010-L,739601862945
NT0316-010-M,739601862938
NT0316-010-S,739601862921
NT0316-010-XS,739601862914
NT0315-657-3XL,739601862884
NT0315-657-2XL,739601862877
NT0315-657-XL,739601862860
NT0315-657-L,739601862853
NT0315-657-M,739601862846
NT0315-657-S,739601862839
NT0315-463-L,739601862778
NT0315-451-3XL,739601862723
NT0315-451-2XL,739601862716
NT0315-451-XL,739601862709
NT0315-451-L,739601862693
NT0315-451-M,739601862686
NT0315-060-3XL,739601862563
NT0315-060-2XL,739601862556
NT0315-060-XL,739601862549
NT0315-060-L,739601862532
NT0315-060-M,739601862525
NT0315-060-S,739601862518
NT0315-012-3XL,739601862488
NT0315-012-2XL,739601862471
NT0315-012-XL,739601862464
NT0315-012-L,739601862457
NT0315-012-M,739601862440
NT0315-012-S,739601862433
NT0315-010-3XL,739601862402
NT0315-010-2XL,739601862396
NT0314-451-2XL,739601862167
NT0314-451-XL,739601862150
NT0314-451-L,739601862143
NT0314-451-M,739601862136
NT0314-451-S,739601862129
NT0314-451-XS,739601862112
NT0314-010-2XL,739601862006
NT0314-010-XL,739601861993
NT0314-010-L,739601861986
NT0314-010-M,739601861979
NT0314-010-S,739601861962
NT0314-010-XS,739601861955
NT0313-451-2XL,739601861757
NT0313-451-XL,739601861740
NT0313-451-L,739601861733
NT0313-451-M,739601861726
NT0313-451-S,739601861719
NT0313-010-2XL,739601861597
NT0313-010-XL,739601861580
NT0313-010-L,739601861573
NT0313-010-M,739601861566
NT0313-010-S,739601861559
NT0310-463-L,739601861429
NT0310-463-M,739601861412
NT0310-463-S,739601861405
NT0310-463-XS,739601861399
NT0310-451-2XL,739601861368
NT0310-451-XL,739601861351
NT0310-451-L,739601861344
NT0310-451-M,739601861337
NT0310-451-S,739601861320
NT0310-451-XS,739601861313
NT0310-010-2XL,739601861207
NT0310-010-XL,739601861191
NT0310-010-L,739601861184
NT0310-010-M,739601861177
NT0310-010-S,739601861160
NT0310-010-XS,739601861153
NT0309-657-L,739601861108
NT0309-657-M,739601861092
NT0309-463-M,739601861016
NT0309-463-XS,739601860996
NT0309-451-XL,739601860958
NT0309-451-L,739601860941
NT0309-451-M,739601860934
NT0309-451-S,739601860927
NT0309-451-XS,739601860910
NT0309-010-XL,739601860798
NT0309-010-L,739601860781
NT0309-010-M,739601860774
NT0309-010-S,739601860767
NT0309-010-XS,739601860750
NT0308-657-2XL,739601860729
NT0308-657-XL,739601860712
NT0308-657-L,739601860705
NT0308-657-M,739601860699
NT0308-657-S,739601860682
NT0308-657-XS,739601860675
NT0308-463-2XL,739601860644
NT0308-463-XL,739601860637
NT0308-463-L,739601860620
NT0308-463-M,739601860613
NT0308-463-S,739601860606
NT0308-463-XS,739601860590
NT0308-451-2XL,739601860569
NT0308-451-XL,739601860552
NT0308-451-L,739601860545
NT0308-451-M,739601860538
NT0308-451-S,739601860521
NT0308-451-XS,739601860514
NT0308-302-2XL,739601860484
NT0308-302-XL,739601860477
NT0308-302-L,739601860460
NT0308-302-M,739601860453
NT0308-302-S,739601860446
NT0308-302-XS,739601860439
NT0308-010-2XL,739601860408
NT0308-010-XL,739601860392
NT0308-010-L,739601860385
NT0308-010-M,739601860378
NT0308-010-S,739601860361
NT0308-010-XS,739601860354
NT0308-100-2XL,739601860323
NT0308-100-XL,739601860316
NT0308-100-L,739601860309
NT0308-100-M,739601860293
NT0308-100-S,739601860286
NT0308-100-XS,739601860279
NT0312-657-2XL,739601860248
NT0312-657-XL,739601860231
NT0312-657-L,739601860224
NT0312-657-M,739601860217
NT0312-657-S,739601860200
NT0312-657-XS,739601860194
NT0312-463-2XL,739601860163
NT0312-463-XL,739601860156
NT0312-463-L,739601860149
NT0312-463-M,739601860132
NT0312-463-S,739601860125
NT0312-463-XS,739601860118
NT0312-451-2XL,739601860088
NT0312-451-XL,739601860071
NT0312-451-L,739601860064
NT0312-451-M,739601860057
NT0312-451-S,739601860040
NT0312-451-XS,739601860033
NT0312-302-2XL,739601860002
NT0312-302-XL,739601859990
NT0312-302-L,739601859983
NT0312-302-M,739601859976
NT0312-302-S,739601859969
NT0312-302-XS,739601859952
NT0312-010-2XL,739601859921
NT0312-010-XL,739601859914
NT0312-010-L,739601859907
NT0312-010-M,739601859891
NT0312-010-S,739601859884
NT0312-010-XS,739601859877
NT0312-100-2XL,739601859846
NT0312-100-XL,739601859839
NT0312-100-L,739601859822
NT0312-100-M,739601859815
NT0312-100-S,739601859808
NT0312-100-XS,739601859792
NT0311-451-2XL,739601859600
NT0311-451-XL,739601859594
NT0311-451-L,739601859587
NT0311-451-M,739601859570
NT0311-451-S,739601859563
NT0311-451-XS,739601859556
NT0311-010-2XL,739601859440
NT0311-010-XL,739601859433
NT0311-010-L,739601859426
NT0311-010-M,739601859419
NT0311-010-S,739601859402
NT0307-451-2XL,739601859198
NT0307-451-XL,739601859181
NT0307-451-L,739601859174
NT0307-451-M,739601859167
NT0307-451-S,739601859150
NT0307-010-2XL,739601859037
NT0307-010-XL,739601859020
NT0307-010-L,739601859013
NT0307-010-M,739601859006
NT0307-010-S,739601858993
NT0306-010-3XL,739601858641
NT0306-010-2XL,739601858634
NT0306-010-M,739601858603
NT0306-010-S,739601858597
NT0305-451-XL,739601858399
NT0305-451-L,739601858382
NT0305-451-XS,739601858351
NT0305-010-XL,739601858290
NT0305-010-L,739601858283
NT0305-010-M,739601858276
NT0305-010-S,739601858269
NT0305-010-XS,739601858252
NT0304-463-M,739601858122
NT0304-010-2XL,739601857910
NT0304-010-XL,739601857903
NT0304-010-L,739601857897
NT0304-010-M,739601857880
NT0304-010-S,739601857873
NT0304-010-XS,739601857866
NT0303-010-3XL,739601857514
NT0303-010-2XL,739601857507
NT0303-010-XL,739601857491
NT0303-010-L,739601857484
NT0303-010-M,739601857477
NT0303-010-S,739601857460
NT0302-657-XL,739601857446
NT0302-657-L,739601857439
NT0302-657-M,739601857422
NT0302-657-S,739601857415
NT0302-657-XS,739601857408
NT0302-463-XL,739601857392
NT0302-463-L,739601857385
NT0302-463-M,739601857378
NT0302-463-S,739601857361
NT0302-463-XS,739601857354
NT0302-451-XL,739601857347
NT0302-451-L,739601857330
NT0302-451-M,739601857323
NT0302-451-S,739601857316
NT0302-451-XS,739601857309
NT0302-302-XL,739601857293
NT0302-302-L,739601857286
NT0302-302-M,739601857279
NT0302-302-S,739601857262
NT0302-302-XS,739601857255
NT0302-010-XL,739601857248
NT0302-010-L,739601857231
NT0302-010-M,739601857224
NT0302-010-S,739601857217
NT0302-010-XS,739601857200
NT0302-100-XL,739601857194
NT0302-100-L,739601857187
NT0302-100-M,739601857170
NT0302-100-S,739601857163
NT0302-100-XS,739601857156
NT0301-657-2XL,739601857132
NT0301-657-XL,739601857125
NT0301-657-L,739601857118
NT0301-657-M,739601857101
NT0301-657-S,739601857095
NT0301-657-XS,739601857088
NT0301-463-2XL,739601857057
NT0301-463-XL,739601857040
NT0301-463-L,739601857033
NT0301-463-M,739601857026
NT0301-463-S,739601857019
NT0301-463-XS,739601857002
NT0301-451-2XL,739601345226
NT0301-451-XL,739601345219
NT0301-451-L,739601345202
NT0301-451-M,739601345196
NT0301-451-S,739601345189
NT0301-451-XS,739601345172
NT0301-302-2XL,739601345141
NT0301-302-XL,739601345134
NT0301-302-L,739601345127
NT0301-302-M,739601345110
NT0301-302-S,739601345103
NT0301-302-XS,739601345097
NT0301-010-2XL,739601345066
NT0301-010-XL,739601345059
NT0301-010-L,739601345042
NT0301-010-M,739601345035
NT0301-010-S,739601345028
NT0301-010-XS,739601345011
NT0301-100-2XL,739601344984
NT0301-100-XL,739601344977
NT0301-100-L,739601344960
NT0301-100-M,739601344953
NT0301-100-S,739601344946
NT0300-657-3XL,739601344908
NT0300-657-2XL,739601344892
NT0300-657-XL,739601344885
NT0300-657-L,739601344878
NT0300-657-M,739601344861
NT0300-657-S,739601344854
NT0300-463-3XL,739601344823
NT0300-463-2XL,739601344816
NT0300-463-XL,739601344809
NT0300-463-L,739601344793
NT0300-463-M,739601344786
NT0300-463-S,739601344779
NT0300-451-3XL,739601344748
NT0300-451-2XL,739601344731
NT0300-451-XL,739601344724
NT0300-451-L,739601344717
NT0300-451-M,739601344700
NT0300-451-S,739601344694
NT0300-302-3XL,739601344663
NT0300-302-2XL,739601344656
NT0300-302-XL,739601344649
NT0300-302-L,739601344632
NT0300-302-M,739601344625
NT0300-302-S,739601344618
NT0300-010-3XL,739601344588
NT0300-010-2XL,739601344571
NT0300-010-XL,739601344564
NT0300-010-L,739601344557
NT0300-010-M,739601344540
NT0300-010-S,739601344533
NT0300-100-3XL,739601344502
NT0300-100-2XL,739601344496
NT0300-100-XL,739601344489
NT0300-100-L,739601344472
NT0300-100-M,739601344465
NT0300-100-S,739601344458
NT0215-010-XL-TALL,731722934280
NT0215-010-L-TALL,731722934273
NT0215-010-3XL,731722934266
NT0215-010-2XL-TALL,731722934259
NT0214-010-XL-TALL,731722934242
NT0214-010-L-TALL,731722934235
NT0214-010-3XL,731722934228
NT0214-010-2XL-TALL,731722934211
NT0205-657-L-TALL,731722934204
NT0201-719-XL-TALL,731722934198
NT0201-719-3XL-TALL,731722934181
NT0201-719-2XL-TALL,731722934174
NT0215-451-2XL,731722933559
NT0214-451-2XL,731722933542
NT0213-719-XL,731722933528
NT0213-719-S,731722933511
NT0213-719-M,731722933504
NT0213-719-L,731722933498
NT0213-719-2XL,731722933481
NT0212-719-XS,731722933474
NT0212-719-XL-TALL,731722933467
NT0212-719-XL,731722933450
NT0212-719-S,731722933443
NT0212-719-M,731722933429
NT0212-719-L-TALL,731722933412
NT0212-719-L,731722933405
NT0212-719-2XL,731722933399
NT0212-464-XS,731722933382
NT0212-464-XL-TALL,731722933375
NT0212-464-XL,731722933368
NT0212-464-S,731722933351
NT0212-464-M,731722933337
NT0212-464-L-TALL,731722933320
NT0212-464-L,731722933313
NT0212-464-2XL,731722933306
NT0211-719-XS,731722933290
NT0211-719-XL-TALL,731722933283
NT0211-719-XL,731722933276
NT0211-719-S,731722933269
NT0211-719-M,731722933245
NT0211-719-L-TALL,731722933238
NT0211-719-L,731722933221
NT0211-719-2XL,731722933214
NT0211-464-XS,731722933207
NT0211-464-XL-TALL,731722933191
NT0211-464-XL,731722933184
NT0211-464-S,731722933177
NT0211-464-M,731722933153
NT0211-464-L-TALL,731722933146
NT0211-464-L,731722933139
NT0211-464-2XL,731722933122
NT0207-451-L-TALL,731722933115
NT0207-451-3XL-TALL,731722933108
NT0207-010-L-TALL,731722933092
NT0205-451-L-TALL,731722933085
NT0205-451-3XL-TALL,731722933078
NT0205-010-L-TALL,731722933061
NT0204-719-XL,731722933047
NT0204-719-S,731722933030
NT0204-719-M,731722933023
NT0204-719-L,731722933016
NT0203-719-XL-TALL,731722933009
NT0203-719-XL,731722932996
NT0203-719-S,731722932989
NT0203-719-M,731722932972
NT0203-719-L,731722932958
NT0203-719-3XL-TALL,731722932941
NT0203-719-3XL,731722932934
NT0203-719-2XL-TALL,731722932927
NT0203-719-2XL,731722932910
NT0202-719-XL,731722932897
NT0202-719-S,731722932880
NT0202-719-M,731722932873
NT0202-719-L,731722932866
NT0202-464-XL,731722932842
NT0202-464-S,731722932835
NT0202-464-M,731722932828
NT0202-464-L,731722932811
NT0201-719-XL,731722932804
NT0201-719-S,731722932798
NT0201-719-M,731722932781
NT0201-719-L,731722932774
NT0201-719-3XL,731722932767
NT0201-719-2XL,731722932750
NT0201-464-XL-TALL,731722932743
NT0201-464-XL,731722932736
NT0201-464-S,731722932729
NT0201-464-M,731722932712
NT0201-464-L-TALL,731722932705
NT0201-464-L,731722932699
NT0201-464-3XL-TALL,731722932682
NT0201-464-3XL,731722932675
NT0201-464-2XL-TALL,731722932668
NT0201-464-2XL,731722932651
NT0200-719-XL,731722932637
NT0200-719-S,731722932620
NT0200-719-M,731722932613
NT0200-719-L,731722932606
NT0200-464-XL,731722932583
NT0200-464-S,731722932576
NT0200-464-M,731722932569
NT0200-464-L,731722932552
NT0199-719-XL-TALL,731722932545
NT0199-719-XL,731722932538
NT0199-719-S,731722932521
NT0199-719-M,731722932514
NT0199-719-L-TALL,731722932507
NT0199-719-L,731722932491
NT0199-719-3XL-TALL,731722932484
NT0199-719-3XL,731722932477
0346NZ-451-XL,719833612747
0346NZ-451-L,719833612730
0346NZ-451-M,719833612723
0346NZ-451-S,719833612716
0346NZ-010-XL,719833612693
0346NZ-010-L,719833612686
0346NZ-010-M,719833612679
0346NZ-010-S,719833612662
0344NZ-451-4XL,719833612525
0344NZ-451-3XL,719833612518
0344NZ-451-2XL,719833612501
0344NZ-451-XL,719833612495
0344NZ-451-L,719833612488
0344NZ-451-M,719833612471
0344NZ-451-S,719833612464
0344NZ-010-2XL,719833612433
0344NZ-010-XL,719833612426
0344NZ-010-L,719833612419
0344NZ-010-M,719833612402
0344NZ-010-S,719833612396
0343NZ-451-XL,719833612389
0343NZ-451-L,719833612372
0343NZ-451-M,719833612365
0343NZ-451-S,719833612358
0343NZ-451-XS,719833612341
0343NZ-010-XL,719833612334
0343NZ-010-L,719833612327
0343NZ-010-M,719833612310
0343NZ-010-S,719833612303
0342NZ-451-2XL,719833612280
0342NZ-451-S,719833612242
0342NZ-010-XS,719833612235
0342NZ-010-2XL,719833612228
0342NZ-010-XL,719833612211
0342NZ-010-L,719833612204
0342NZ-010-M,719833612198
0342NZ-010-S,719833612181
0341NZ-451-4XL,719833612167
0341NZ-451-3XL,719833612150
0341NZ-451-2XL,719833612143
0341NZ-451-XL,719833612136
0341NZ-451-L,719833612129
0341NZ-451-M,719833612112
0341NZ-451-S,719833612105
0341NZ-010-4XL,719833612099
0341NZ-010-3XL,719833612082
0341NZ-010-2XL,719833612075
0341NZ-010-XL,719833612068
0341NZ-010-L,719833612051
0341NZ-010-M,719833612044
0341NZ-010-S,719833612037
0339NZ-463-XL,719833611757
0339NZ-463-L,719833611740
0339NZ-463-M,719833611733
0339NZ-463-S,719833611726
0339NZ-451-2XL,719833611702
0339NZ-451-XL,719833611696
0339NZ-451-L,719833611689
0339NZ-451-M,719833611672
0339NZ-451-S,719833611665
0339NZ-451-XS,719833611658
0339NZ-010-2XL,719833611641
0339NZ-010-XL,719833611634
0339NZ-010-L,719833611627
0339NZ-010-M,719833611610
0339NZ-010-S,719833611603
0339NZ-010-XS,719833611597
0338NZ-463-2XL,719833611498
0338NZ-463-XL,719833611481
0338NZ-463-L,719833611474
0338NZ-463-M,719833611467
0338NZ-451-4XL,719833611443
0338NZ-451-3XL,719833611436
0338NZ-451-2XL,719833611429
0338NZ-451-XL,719833611412
0338NZ-451-L,719833611405
0338NZ-451-M,719833611399
0338NZ-451-S,719833611382
0338NZ-010-4XL,719833611375
0338NZ-010-3XL,719833611368
0338NZ-010-2XL,719833611351
0338NZ-010-XL,719833611344
0338NZ-010-L,719833611337
0338NZ-010-M,719833611320
0338NZ-010-S,719833611313
0337NZ-451-XL,719833611207
0337NZ-451-L,719833611191
0337NZ-451-M,719833611184
0337NZ-451-S,719833611177
0337NZ-010-XL,719833611153
0337NZ-010-L,719833611146
0337NZ-010-M,719833611139
0337NZ-010-S,719833611122
0336NZ-657-XL,719833611092
0336NZ-657-L,719833611085
0336NZ-657-M,719833611078
0336NZ-657-S,719833611061
0336NZ-463-XL,719833611030
0336NZ-463-L,719833611023
0336NZ-463-M,719833611016
0336NZ-463-S,719833611009
0336NZ-451-XL,719833610972
0336NZ-451-L,719833610965
0336NZ-451-M,719833610958
0336NZ-010-2XL,719833610927
0336NZ-010-XL,719833610910
0336NZ-010-L,719833610903
0336NZ-010-M,719833610897
0336NZ-010-S,719833610880
0336NZ-010-XS,719833610873
0335NZ-657-2XL,719833610842
0335NZ-657-XL,719833610835
0335NZ-657-L,719833610828
0335NZ-657-M,719833610811
0335NZ-463-2XL,719833610774
0335NZ-463-XL,719833610767
0335NZ-463-L,719833610750
0335NZ-463-M,719833610743
0335NZ-451-4XL,719833610729
0335NZ-451-3XL,719833610712
0335NZ-451-2XL,719833610705
0335NZ-451-XL,719833610699
0335NZ-451-L,719833610682
0335NZ-451-M,719833610675
0335NZ-451-S,719833610668
0335NZ-010-4XL,719833610651
0335NZ-010-3XL,719833610644
0335NZ-010-2XL,719833610637
0335NZ-010-XL,719833610620
0335NZ-010-L,719833610613
0335NZ-010-M,719833610606
0335NZ-010-S,719833610590
NT0528-451-XL,716252061934
NT0528-451-L,716252061927
NT0528-451-M,716252061910
NT0528-451-S,716252061903
NT0528-100-XL,716252061880
NT0528-100-L,716252061873
NT0528-100-M,716252061866
NT0528-100-S,716252061859
NT0528-010-L,716252061828
NT0528-010-M,716252061811
NT0528-010-S,716252061804
NT0528-010-XS,716252061798
NT0526-451-3XL,716252061774
NT0526-451-2XL,716252061767
NT0526-451-XL,716252061750
NT0526-451-L,716252061743
NT0526-451-M,716252061736
NT0526-451-S,716252061729
NT0526-100-3XL,716252061705
NT0526-100-2XL,716252061699
NT0526-100-XL,716252061682
NT0526-100-L,716252061675
NT0526-100-M,716252061668
NT0526-100-S,716252061651
NT0526-010-4XL,716252061644
NT0526-010-3XL,716252061637
NT0526-010-2XL,716252061620
NT0526-010-XL,716252061613
NT0526-010-L,716252061606
NT0526-010-M,716252061590
NT0526-010-S,716252061583
NT0215-451-XL,716252058170
NT0215-451-L,716252058163
NT0215-451-M,716252058156
NT0215-451-S,716252058149
NT0215-451-XS,716252058132
NT0215-010-XS,716252058125
NT0214-657-XS,716252058118
NT0214-451-XL,716252058101
NT0214-451-L,716252058095
NT0214-451-M,716252058088
NT0214-451-XS,716252058071
NT0214-010-XS,716252058064
NT0207-010-3XL-TALL,716252058057
NT0207-010-2XL-TALL,716252058040
NT0207-010-XL-TALL,716252058033
NT0206-657-XL,716252058026
NT0206-657-L,716252058019
NT0206-657-M,716252058002
NT0206-657-S,716252057999
NT0205-657-2XL-TALL,716252057975
NT0205-657-XL-TALL,716252057968
NT0205-010-3XL-TALL,716252057951
NT0205-010-2XL-TALL,716252057944
NT0205-010-XL-TALL,716252057937
NT0199-657-L-TALL,716252057920
NT0199-302-L-TALL,716252057913
NT0199-104-L-TALL,716252057906
NT0199-103-L-TALL,716252057890
NT0199-102-L-TALL,716252057883
NT0426-133-M,716252057876
NT0426-133-S,716252057869
NT0405-133-M,716252057838
NT0405-133-S,716252057821
NT0214-451-S,716252057807
NT0199-463-L-TALL,716252057784
NT0199-100-L-TALL,716252057777
NT0199-010-L-TALL,716252057760
NT0423-133-XL,716252057609
NT0423-133-L,716252057593
NT0423-133-M,716252057586
NT0423-133-S,716252057579
NT0420-133-XL,716252057562
NT0420-133-L,716252057555
NT0420-133-M,716252057548
NT0420-133-S,716252057531
NT0402-133-XL,716252057517
NT0402-133-L,716252057500
NT0402-133-M,716252057494
NT0402-133-S,716252057487
NT0424-133-3XL,716252057463
NT0424-133-2XL,716252057456
NT0424-133-XL,716252057449
NT0424-133-L,716252057432
NT0424-133-M,716252057425
NT0424-133-S,716252057418
NT0421-133-3XL,716252057401
NT0421-133-2XL,716252057395
NT0421-133-XL,716252057388
NT0421-133-L,716252057371
NT0421-133-M,716252057364
NT0421-133-S,716252057357
NT0418-133-3XL,716252057340
NT0418-133-2XL,716252057333
NT0418-133-XL,716252057326
NT0418-133-L,716252057319
NT0418-133-M,716252057302
NT0418-133-S,716252057296
NT0403-133-3XL,716252057289
NT0403-133-2XL,716252057272
NT0403-133-XL,716252057265
NT0403-133-L,716252057258
NT0403-133-M,716252057241
NT0400-133-L,716252057173
NT0400-133-M,716252057166
NT0400-133-S,716252057159
NT0403-133-S,716252057128
NT0400-133-3XL,716252057111
NT0400-133-2XL,716252057104
NT0400-133-XL,716252057098
544083-010-XL,685068609909
544083-010-L,685068609893
544083-010-M,685068609886
725984-100-S,685068440670
725984-100-XS,685068440663
831558-011-XL,675911617748
831558-011-L,675911617731
831558-011-S,675911617496
NT0211-101-XL,616663884644
NT0211-101-L,616663884637
NT0211-101-M,616663884620
NT0211-101-S,616663884613
NT0211-101-XS,616663884606
NT0211-100-3XL-TALL,616663884590
NT0211-100-2XL-TALL,616663884583
NT0211-100-XL-TALL,616663884576
NT0211-100-L-TALL,616663884569
NT0211-100-3XL,616663884552
NT0211-100-XS,616663884545
NT0211-010-3XL-TALL,616663884538
NT0211-010-2XL-TALL,616663884521
NT0211-010-XL-TALL,616663884514
NT0211-010-L-TALL,616663884507
NT0211-010-3XL,616663884491
NT0211-010-XS,616663884484
NT0199-657-3XL-TALL,616663884477
NT0199-657-XL-TALL,616663884453
NT0199-463-3XL-TALL,616663884439
NT0199-463-2XL-TALL,616663884422
NT0199-451-3XL-TALL,616663884392
NT0199-451-2XL-TALL,616663884385
NT0199-451-XL-TALL,616663884378
NT0199-302-3XL-TALL,616663884354
NT0199-302-2XL-TALL,616663884347
NT0199-302-XL-TALL,616663884330
NT0199-104-2XL-TALL,616663884309
NT0199-104-XL-TALL,616663884293
NT0199-103-3XL-TALL,616663884279
NT0199-103-2XL-TALL,616663884262
NT0199-103-XL-TALL,616663884255
NT0199-102-2XL-TALL,616663884224
NT0199-102-XL-TALL,616663884217
NT0199-101-3XL-TALL,616663884194
NT0199-101-2XL-TALL,616663884187
NT0199-101-XL-TALL,616663884170
NT0199-100-3XL-TALL,616663884156
NT0199-100-2XL-TALL,616663884149
NT0199-100-XL-TALL,616663884132
NT0199-010-3XL-TALL,616663884118
NT0199-010-2XL-TALL,616663884101
NT0199-010-XL-TALL,616663884095
NT0213-657-3XL,616663883425
NT0213-657-2XL,616663883418
NT0213-657-XL,616663883401
NT0213-657-L,616663883395
NT0213-657-M,616663883388
NT0213-657-S,616663883371
NT0213-463-2XL,616663883364
NT0213-463-XL,616663883357
NT0213-463-L,616663883340
NT0213-463-M,616663883333
NT0213-463-S,616663883326
NT0213-302-2XL,616663883319
NT0213-302-XL,616663883302
NT0213-302-L,616663883296
NT0213-302-M,616663883289
NT0213-302-S,616663883272
NT0213-010-2XL,616663883265
NT0213-010-XL,616663883258
NT0213-010-L,616663883241
NT0213-010-M,616663883234
NT0213-010-S,616663883227
NT0212-657-3XL,616663883210
NT0212-657-2XL,616663883203
NT0212-657-XL,616663883197
NT0212-657-L,616663883180
NT0212-657-M,616663883173
NT0212-657-S,616663883166
NT0212-657-XS,616663883159
NT0212-463-2XL,616663883142
NT0212-463-XL,616663883135
NT0212-463-L,616663883128
NT0212-463-M,616663883111
NT0212-463-S,616663883104
NT0212-451-2XL,616663883098
NT0212-451-XL,616663883081
NT0212-451-L,616663883074
NT0212-451-M,616663883067
NT0212-451-S,616663883050
NT0212-451-XS,616663883043
NT0212-302-2XL,616663883036
NT0212-302-XL,616663883029
NT0212-302-L,616663883012
NT0212-302-M,616663883005
NT0212-302-S,616663882992
NT0212-104-2XL,616663882985
NT0212-104-XL,616663882978
NT0212-104-L,616663882961
NT0212-104-M,616663882954
NT0212-104-S,616663882947
NT0212-103-3XL,616663882930
NT0212-103-2XL,616663882923
NT0212-103-XL,616663882916
NT0212-103-L,616663882909
NT0212-103-M,616663882893
NT0212-103-S,616663882886
NT0212-102-2XL,616663882879
NT0212-102-XL,616663882862
NT0212-102-L,616663882855
NT0212-102-M,616663882848
NT0212-102-S,616663882831
NT0212-100-2XL,616663882824
NT0212-100-XL,616663882817
NT0212-100-L,616663882800
NT0212-100-M,616663882794
NT0212-100-S,616663882787
NT0212-010-2XL,616663882770
NT0212-010-XL,616663882763
NT0212-010-L,616663882756
NT0212-010-M,616663882749
NT0212-010-S,616663882732
NT0212-010-XS,616663882725
NT0211-657-3XL,616663882718
NT0211-657-2XL,616663882701
NT0211-657-XL,616663882695
NT0211-657-L,616663882688
NT0211-657-M,616663882671
NT0211-657-S,616663882664
NT0211-463-2XL,616663882657
NT0211-463-XL,616663882640
NT0211-463-L,616663882633
NT0211-463-M,616663882626
NT0211-463-S,616663882619
NT0211-302-2XL,616663882602
NT0211-302-XL,616663882596
NT0211-302-L,616663882589
NT0211-302-M,616663882572
NT0211-302-S,616663882565
NT0211-104-2XL,616663882558
NT0211-104-XL,616663882541
NT0211-104-L,616663882534
NT0211-104-M,616663882527
NT0211-104-S,616663882510
NT0211-103-3XL,616663882503
NT0211-103-2XL,616663882497
NT0211-103-XL,616663882480
NT0211-103-L,616663882473
NT0211-103-M,616663882466
NT0211-103-S,616663882459
NT0211-102-2XL,616663882442
NT0211-102-XL,616663882435
NT0211-102-L,616663882428
NT0211-102-M,616663882411
NT0211-102-S,616663882404
NT0211-100-2XL,616663882398
NT0211-100-XL,616663882381
NT0211-100-L,616663882374
NT0211-100-M,616663882367
NT0211-100-S,616663882350
NT0211-010-2XL,616663882343
NT0211-010-XL,616663882336
NT0211-010-L,616663882329
NT0211-010-M,616663882312
NT0211-010-S,616663882305
NT0204-657-XL,616663882299
NT0204-657-L,616663882282
NT0204-657-M,616663882275
NT0204-657-S,616663882268
NT0204-463-XL,616663882244
NT0204-463-L,616663882237
NT0204-463-M,616663882220
NT0204-463-S,616663882213
NT0204-451-XL,616663882190
NT0204-451-L,616663882183
NT0204-451-M,616663882176
NT0204-451-S,616663882169
NT0204-451-XS,616663882152
NT0204-302-XL,616663882145
NT0204-302-L,616663882138
NT0204-302-M,616663882121
NT0204-302-S,616663882114
NT0204-010-XL,616663882091
NT0204-010-L,616663882084
NT0204-010-M,616663882077
NT0204-010-S,616663882060
NT0203-657-3XL,616663882008
NT0203-657-2XL,616663881995
NT0203-657-XL,616663881988
NT0203-657-L,616663881971
NT0203-657-M,616663881964
NT0203-657-S,616663881957
NT0203-463-3XL,616663881902
NT0203-463-2XL,616663881896
NT0203-463-XL,616663881889
NT0203-463-L,616663881872
NT0203-463-M,616663881865
NT0203-463-S,616663881858
NT0203-451-3XL,616663881803
NT0203-451-2XL,616663881797
NT0203-451-XL,616663881780
NT0203-451-L,616663881773
NT0203-451-M,616663881766
NT0203-451-S,616663881759
NT0203-302-3XL,616663881704
NT0203-302-2XL,616663881698
NT0203-302-XL,616663881681
NT0203-302-L,616663881674
NT0203-302-M,616663881667
NT0203-010-3XL,616663881605
NT0203-010-2XL,616663881599
NT0203-010-XL,616663881582
NT0203-010-L,616663881575
NT0203-010-M,616663881568
NT0203-010-S,616663881551
NT0202-657-XL,616663881544
NT0202-657-L,616663881537
NT0202-657-M,616663881520
NT0202-657-S,616663881513
NT0202-657-XS,616663881506
NT0202-463-XL,616663881490
NT0202-463-L,616663881483
NT0202-463-M,616663881476
NT0202-463-S,616663881469
NT0202-451-XL,616663881445
NT0202-451-L,616663881438
NT0202-451-M,616663881421
NT0202-451-S,616663881414
NT0202-451-XS,616663881407
NT0202-302-XL,616663881391
NT0202-302-L,616663881384
NT0202-302-M,616663881377
NT0202-302-S,616663881360
NT0202-104-XL,616663881346
NT0202-104-L,616663881339
NT0202-104-M,616663881322
NT0202-104-S,616663881315
NT0202-103-XL,616663881292
NT0202-103-L,616663881285
NT0202-103-M,616663881278
NT0202-103-S,616663881261
NT0202-102-XL,616663881247
NT0202-102-L,616663881230
NT0202-102-M,616663881223
NT0202-102-S,616663881216
NT0202-101-XL,616663881193
NT0202-101-L,616663881186
NT0202-101-M,616663881179
NT0202-101-S,616663881162
NT0202-100-XL,616663881148
NT0202-100-L,616663881131
NT0202-100-M,616663881124
NT0202-100-S,616663881117
NT0202-010-XL,616663881094
NT0202-010-L,616663881087
NT0202-010-M,616663881070
NT0202-010-S,616663881063
NT0202-010-XS,616663881056
NT0201-657-3XL,616663881001
NT0201-657-2XL,616663880998
NT0201-657-XL,616663880981
NT0201-657-L,616663880974
NT0201-657-M,616663880967
NT0201-657-S,616663880950
NT0201-463-3XL,616663880905
NT0201-463-2XL,616663880899
NT0201-463-XL,616663880882
NT0201-463-L,616663880875
NT0201-463-M,616663880868
NT0201-463-S,616663880851
NT0201-451-3XL,616663880806
NT0201-451-2XL,616663880790
NT0201-451-XL,616663880783
NT0201-451-L,616663880776
NT0201-451-M,616663880769
NT0201-451-S,616663880752
NT0201-302-3XL,616663880707
NT0201-302-2XL,616663880691
NT0201-302-XL,616663880684
NT0201-302-L,616663880677
NT0201-302-M,616663880660
NT0201-302-S,616663880653
NT0201-104-3XL,616663880608
NT0201-104-2XL,616663880592
NT0201-104-XL,616663880585
NT0201-104-L,616663880578
NT0201-104-M,616663880561
NT0201-104-S,616663880554
NT0201-103-3XL,616663880509
NT0201-103-2XL,616663880493
NT0201-103-XL,616663880486
NT0201-103-L,616663880479
NT0201-103-M,616663880462
NT0201-103-S,616663880455
NT0201-102-3XL,616663880400
NT0201-102-2XL,616663880394
NT0201-102-XL,616663880387
NT0201-102-L,616663880370
NT0201-102-M,616663880363
NT0201-102-S,616663880356
NT0201-101-3XL,616663880301
NT0201-101-2XL,616663880295
NT0201-101-XL,616663880288
NT0201-101-L,616663880271
NT0201-101-M,616663880264
NT0201-101-S,616663880257
NT0201-100-3XL,616663880202
NT0201-100-2XL,616663880196
NT0201-100-XL,616663880189
NT0201-100-L,616663880172
NT0201-100-M,616663880165
NT0201-100-S,616663880158
NT0201-010-3XL,616663880103
NT0201-010-2XL,616663880097
NT0201-010-XL,616663880080
NT0201-010-L,616663880073
NT0201-010-M,616663880066
NT0201-010-S,616663880059
NT0200-657-XL,616663880042
NT0200-657-L,616663880035
NT0200-657-M,616663880028
NT0200-657-S,616663880011
NT0200-657-XS,616663880004
NT0200-463-XL,616663879992
NT0200-463-L,616663879985
NT0200-463-M,616663879978
NT0200-463-S,616663879961
NT0200-451-XL,616663879947
NT0200-451-L,616663879930
NT0200-451-M,616663879923
NT0200-451-S,616663879916
NT0200-451-XS,616663879909
NT0200-302-XL,616663879893
NT0200-302-L,616663879886
NT0200-302-M,616663879879
NT0200-302-S,616663879862
NT0200-104-XL,616663879848
NT0200-104-L,616663879831
NT0200-104-M,616663879824
NT0200-104-S,616663879817
NT0200-103-XL,616663879794
NT0200-103-L,616663879787
NT0200-103-M,616663879770
NT0200-103-S,616663879763
NT0200-102-XL,616663879749
NT0200-102-L,616663879732
NT0200-102-M,616663879725
NT0200-102-S,616663879718
NT0200-101-XL,616663879695
NT0200-101-L,616663879688
NT0200-101-M,616663879671
NT0200-101-S,616663879664
NT0200-100-XL,616663879640
NT0200-100-L,616663879633
NT0200-100-M,616663879626
NT0200-100-S,616663879619
NT0200-010-XL,616663879596
NT0200-010-L,616663879589
NT0200-010-M,616663879572
NT0200-010-S,616663879565
NT0199-657-2XL-TALL,616663879534
NT0199-657-3XL,616663879503
NT0199-657-2XL,616663879497
NT0199-657-XL,616663879480
NT0199-657-L,616663879473
NT0199-657-M,616663879466
NT0199-657-S,616663879459
NT0199-463-XL-TALL,616663879428
NT0199-463-3XL,616663879404
NT0199-463-2XL,616663879398
NT0199-463-XL,616663879381
NT0199-463-L,616663879374
NT0199-463-M,616663879367
NT0199-463-S,616663879350
NT0199-451-L-TALL,616663879312
NT0199-451-3XL,616663879305
NT0199-451-2XL,616663879299
NT0199-451-XL,616663879282
NT0199-451-L,616663879275
NT0199-451-M,616663879268
NT0199-451-S,616663879251
NT0199-302-3XL,616663879206
NT0199-302-2XL,616663879190
NT0199-302-XL,616663879183
NT0199-302-L,616663879176
NT0199-302-M,616663879169
NT0199-302-S,616663879152
NT0199-104-3XL,616663879107
NT0199-104-2XL,616663879091
NT0199-104-XL,616663879084
NT0199-104-L,616663879077
NT0199-104-M,616663879060
NT0199-104-S,616663879053
NT0199-103-3XL,616663879008
NT0199-103-2XL,616663878995
NT0199-103-XL,616663878988
NT0199-103-L,616663878971
NT0199-103-M,616663878964
NT0199-103-S,616663878957
NT0199-102-3XL,616663878902
NT0199-102-2XL,616663878896
NT0199-102-XL,616663878889
NT0199-102-L,616663878872
NT0199-102-M,616663878865
NT0199-102-S,616663878858
NT0199-101-L-TALL,616663878810
NT0199-101-3XL,616663878803
NT0199-101-2XL,616663878797
NT0199-101-XL,616663878780
NT0199-101-L,616663878773
NT0199-101-M,616663878766
NT0199-101-S,616663878759
NT0199-100-3XL,616663878704
NT0199-100-2XL,616663878698
NT0199-100-XL,616663878681
NT0199-100-L,616663878674
NT0199-100-M,616663878667
NT0199-100-S,616663878650
NT0199-719-2XL-TALL,615666565680
NT0199-719-2XL,615666565673
NT0199-464-XL-TALL,615666565666
NT0199-464-XL,615666565659
NT0199-464-S,615666565642
NT0199-464-M,615666565635
NT0199-464-L-TALL,615666565628
NT0199-464-L,615666565611
NT0199-464-3XL-TALL,615666565604
NT0199-464-3XL,615666565598
NT0199-464-2XL-TALL,615666565581
NT0199-464-2XL,615666565574
NT0215-010-2XL,608597813234
NT0214-657-2XL,608597813227
NT0214-010-2XL,608597813210
NT0215-010-XL,608597812114
NT0215-010-L,608597812107
NT0215-010-M,608597812091
NT0215-010-S,608597812084
NT0214-657-XL,608597812077
NT0214-657-L,608597812060
NT0214-657-M,608597812053
NT0214-657-S,608597812046
NT0214-010-XL,608597812039
NT0214-010-L,608597812022
NT0214-010-M,608597812015
NT0208-451-XL,608597811995
NT0208-451-L,608597811988
NT0208-451-M,608597811971
NT0208-451-S,608597811964
NT0208-010-XL,608597811940
NT0208-010-L,608597811933
NT0208-010-M,608597811926
NT0208-010-S,608597811919
NT0207-451-2XL-TALL,608597811896
NT0207-451-XL-TALL,608597811889
NT0207-451-3XL,608597811872
NT0207-451-2XL,608597811865
NT0207-451-XL,608597811858
NT0207-451-L,608597811841
NT0207-451-M,608597811834
NT0207-451-S,608597811827
NT0207-010-3XL,608597811797
NT0207-010-2XL,608597811780
NT0207-010-XL,608597811773
NT0207-010-L,608597811766
NT0207-010-M,608597811759
NT0207-010-S,608597811742
NT0206-451-XL,608597811735
NT0206-451-L,608597811728
NT0206-451-M,608597811711
NT0206-451-S,608597811704
NT0206-010-XL,608597811681
NT0206-010-L,608597811674
NT0206-010-M,608597811667
NT0206-010-S,608597811650
NT0206-010-XS,608597811643
NT0205-657-3XL,608597811612
NT0205-657-2XL,608597811605
NT0205-657-XL,608597811599
NT0205-657-L,608597811582
NT0205-657-M,608597811575
NT0205-657-S,608597811568
NT0205-451-2XL-TALL,608597811551
NT0205-451-XL-TALL,608597811544
NT0205-451-3XL,608597811537
NT0205-451-2XL,608597811520
NT0205-451-XL,608597811513
NT0205-451-L,608597811506
NT0205-451-M,608597811490
NT0205-451-S,608597811483
NT0205-010-3XL,608597811452
NT0205-010-2XL,608597811445
NT0205-010-XL,608597811438
NT0205-010-L,608597811421
NT0205-010-M,608597811414
NT0205-010-S,608597811407
NT0213-657-3XL-TALL,608597810042
NT0213-657-2XL-TALL,608597810035
NT0213-657-XL-TALL,608597810028
NT0213-657-L-TALL,608597810011
NT0213-657-XS,608597810004
NT0213-463-3XL-TALL,608597809992
NT0213-463-2XL-TALL,608597809985
NT0213-463-XL-TALL,608597809978
NT0213-463-L-TALL,608597809961
NT0213-463-3XL,608597809954
NT0213-463-XS,608597809947
NT0213-451-3XL-TALL,608597809930
NT0213-451-2XL-TALL,608597809923
NT0213-451-XL-TALL,608597809916
NT0213-451-L-TALL,608597809909
NT0213-451-3XL,608597809893
NT0213-451-2XL,608597809886
NT0213-451-XL,608597809879
NT0213-451-L,608597809862
NT0213-451-M,608597809855
NT0213-451-S,608597809848
NT0213-451-XS,608597809831
NT0213-302-3XL-TALL,608597809824
NT0213-302-2XL-TALL,608597809817
NT0213-302-XL-TALL,608597809800
NT0213-302-L-TALL,608597809794
NT0213-302-3XL,608597809787
NT0213-302-XS,608597809770
NT0213-010-3XL-TALL,608597809763
NT0213-010-2XL-TALL,608597809756
NT0213-010-XL-TALL,608597809749
NT0213-010-L-TALL,608597809732
NT0213-010-3XL,608597809725
NT0213-010-XS,608597809718
NT0203-657-3XL-TALL,608597809701
NT0203-657-2XL-TALL,608597809695
NT0203-657-XL-TALL,608597809688
NT0203-657-L-TALL,608597809671
NT0203-463-3XL-TALL,608597809664
NT0203-463-2XL-TALL,608597809657
NT0203-463-XL-TALL,608597809640
NT0203-463-L-TALL,608597809633
NT0203-451-3XL-TALL,608597809626
NT0203-451-2XL-TALL,608597809619
NT0203-451-XL-TALL,608597809602
NT0203-451-L-TALL,608597809596
NT0203-302-3XL-TALL,608597809589
NT0203-302-2XL-TALL,608597809572
NT0203-302-XL-TALL,608597809565
NT0203-302-L-TALL,608597809558
NT0203-010-3XL-TALL,608597809541
NT0203-010-2XL-TALL,608597809534
NT0203-010-XL-TALL,608597809527
NT0203-010-L-TALL,608597809510
NT0212-657-3XL-TALL,608597809503
NT0212-657-2XL-TALL,608597809497
NT0212-657-XL-TALL,608597809480
NT0212-657-L-TALL,608597809473
NT0212-463-3XL-TALL,608597809466
NT0212-463-2XL-TALL,608597809459
NT0212-463-XL-TALL,608597809442
NT0212-463-L-TALL,608597809435
NT0212-463-3XL,608597809428
NT0212-463-XS,608597809411
NT0212-451-2XL-TALL,608597809398
NT0212-451-XL-TALL,608597809381
NT0212-451-L-TALL,608597809374
NT0212-451-3XL,608597809367
NT0212-302-3XL-TALL,608597809350
NT0212-302-2XL-TALL,608597809343
NT0212-302-XL-TALL,608597809336
NT0212-302-L-TALL,608597809329
NT0212-302-3XL,608597809312
NT0212-302-XS,608597809305
NT0212-104-3XL-TALL,608597809299
NT0212-104-2XL-TALL,608597809282
NT0212-104-XL-TALL,608597809275
NT0212-104-L-TALL,608597809268
NT0212-104-3XL,608597809251
NT0212-104-XS,608597809244
NT0212-103-3XL-TALL,608597809237
NT0212-103-2XL-TALL,608597809220
NT0212-103-XL-TALL,608597809213
NT0212-103-L-TALL,608597809206
NT0212-103-XS,608597809190
NT0212-102-3XL-TALL,608597809183
NT0212-102-2XL-TALL,608597809176
NT0212-102-XL-TALL,608597809169
NT0212-102-L-TALL,608597809152
NT0212-102-3XL,608597809145
NT0212-102-XS,608597809138
NT0212-100-3XL-TALL,608597809015
NT0212-100-2XL-TALL,608597809008
NT0212-100-XL-TALL,608597808995
NT0212-100-L-TALL,608597808988
NT0212-100-3XL,608597808971
NT0212-100-XS,608597808964
NT0212-010-3XL-TALL,608597808957
NT0212-010-2XL-TALL,608597808940
NT0212-010-XL-TALL,608597808933
NT0212-010-L-TALL,608597808926
NT0212-010-3XL,608597808919
NT0201-657-3XL-TALL,608597808902
NT0201-657-2XL-TALL,608597808896
NT0201-657-XL-TALL,608597808889
NT0201-657-L-TALL,608597808872
NT0201-463-3XL-TALL,608597808865
NT0201-463-2XL-TALL,608597808858
NT0201-463-XL-TALL,608597808841
NT0201-463-L-TALL,608597808834
NT0201-451-3XL-TALL,608597808827
NT0201-451-2XL-TALL,608597808810
NT0201-451-XL-TALL,608597808803
NT0201-451-L-TALL,608597808797
NT0201-302-3XL-TALL,608597808780
NT0201-302-2XL-TALL,608597808773
NT0201-302-XL-TALL,608597808766
NT0201-302-L-TALL,608597808759
NT0201-104-3XL-TALL,608597808742
NT0201-104-2XL-TALL,608597808735
NT0201-104-XL-TALL,608597808728
NT0201-104-L-TALL,608597808711
NT0201-103-3XL-TALL,608597808704
NT0201-103-2XL-TALL,608597808698
NT0201-103-XL-TALL,608597808681
NT0201-103-L-TALL,608597808674
NT0201-102-3XL-TALL,608597808667
NT0201-102-2XL-TALL,608597808650
NT0201-102-XL-TALL,608597808643
NT0201-102-L-TALL,608597808636
NT0201-101-3XL-TALL,608597808629
NT0201-101-2XL-TALL,608597808612
NT0201-101-XL-TALL,608597808605
NT0201-101-L-TALL,608597808599
NT0201-100-3XL-TALL,608597808582
NT0201-100-2XL-TALL,608597808575
NT0201-100-XL-TALL,608597808568
NT0201-100-L-TALL,608597808551
NT0201-010-3XL-TALL,608597808544
NT0201-010-2XL-TALL,608597808537
NT0201-010-XL-TALL,608597808520
NT0201-010-L-TALL,608597808513
NT0211-657-3XL-TALL,608597808506
NT0211-657-2XL-TALL,608597808490
NT0211-657-XL-TALL,608597808483
NT0211-657-L-TALL,608597808476
NT0211-657-XS,608597808469
NT0211-463-3XL-TALL,608597808452
NT0211-463-2XL-TALL,608597808445
NT0211-463-XL-TALL,608597808438
NT0211-463-L-TALL,608597808421
NT0211-463-3XL,608597808414
NT0211-463-XS,608597808407
NT0211-451-3XL-TALL,608597808391
NT0211-451-2XL-TALL,608597808384
NT0211-451-XL-TALL,608597808377
NT0211-451-L-TALL,608597808360
NT0211-451-3XL,608597808353
NT0211-451-2XL,608597808346
NT0211-451-XL,608597808339
NT0211-451-L,608597808322
NT0211-451-M,608597808315
NT0211-451-S,608597808308
NT0211-451-XS,608597808292
NT0211-302-3XL-TALL,608597808285
NT0211-302-2XL-TALL,608597808278
NT0211-302-XL-TALL,608597808261
NT0211-302-L-TALL,608597808254
NT0211-302-3XL,608597808247
NT0211-302-XS,608597808230
NT0211-104-3XL-TALL,608597808223
NT0211-104-2XL-TALL,608597808216
NT0211-104-XL-TALL,608597808209
NT0211-104-L-TALL,608597808193
NT0211-104-3XL,608597808186
NT0211-104-XS,608597808179
NT0211-103-3XL-TALL,608597808162
NT0211-103-2XL-TALL,608597808155
NT0211-103-XL-TALL,608597808148
NT0211-103-L-TALL,608597808131
NT0211-103-XS,608597808124
NT0211-102-3XL-TALL,608597808117
NT0211-102-XL-TALL,608597808094
NT0211-102-L-TALL,608597808087
NT0211-102-3XL,608597808070
NT0211-102-XS,608597808063
NT0211-101-3XL-TALL,608597808056
NT0211-101-2XL-TALL,608597808049
NT0211-101-XL-TALL,608597808032
NT0211-101-L-TALL,608597808025
NT0211-101-3XL,608597808018
NT0211-101-2XL,608597808001
FB5588-010-2XL,196968454815
FB5588-010-XL,196968454808
FB5588-010-L,196968454792
FB5588-010-M,196968454785
FB5588-010-S,196968454778
FB5588-010-XS,196968454761
DX6821-010-M,196608850687
FB7952-010-2XL,196608743804
FB7952-010-XL,196608743798
FB7950-010-2XL,196608743088
FB7950-010-XL,196608743071
FB7950-010-L,196608743064
FB7932-100-2XL,196608740346
FB7932-010-2XL,196608740209
FB7914-010-2XL,196608736608
FB7914-010-XL,196608736592
FB7914-010-L,196608736585
FD3000-410-XL,196607240458
FD3000-410-L,196607240441
FD3000-410-M,196607240434
FD3000-410-S,196607240427
FD3000-010-XL,196607240359
FD3000-010-L,196607240342
FD3000-010-M,196607240335
FD3000-010-S,196607240328
DV9315-010-4XL,196155873665
DV9315-010-3XL,196155873641
DR1356-451-XL,196155313130
DR1356-451-L,196155313123
DR1356-451-M,196155313116
DR1356-451-S,196155313109
DR1666-451-2XL,196155101287
DR1666-451-XL,196155101270
DR1666-451-L,196155101263
DR1666-451-M,196155101256
DR1666-451-S,196155101249
DR1352-451-XL,196155099225
DV0761-410-MISC,196154136853
DV0761-011-MISC,196154136839
DV9363-010-XL,196153881112
DV9363-010-L,196153881105
DV9321-010-2XL,196153875326
DV9321-010-XL,196153875319
DV9321-010-L,196153875302
DV9321-010-M,196153875296
DV9315-010-2XL,196153874527
DV9315-010-XL,196153874510
DV9315-010-L,196153874503
DV9315-010-M,196153874497
DV9315-010-S,196153874480
DX0706-010-XL,196151608674
DX0706-010-L,196151608667
DX0706-010-M,196151608650
DX0706-010-S,196151608643
DX0706-010-XS,196151608636
DX0989-451-4XL-TALL,196151247910
DX0989-451-4XL,196151247903
DX0989-451-3XL-TALL,196151247897
DX0989-451-3XL,196151247880
DX0989-451-2XL-TALL,196151247873
DX0989-451-2XL,196151247866
DX0989-451-XL-TALL,196151247859
DX0989-451-XL,196151247842
DX0989-451-L-TALL,196151247835
DX0989-451-L,196151247828
DX0989-451-XS,196151247774
DX0989-100-2XL,196151247262
DX0989-100-XL,196151247248
DX0989-100-L,196151247224
DX0989-100-M,196151247200
DX0989-063-4XL-TALL,196151247019
DX0989-063-4XL,196151247002
DX0989-063-3XL-TALL,196151246999
DX0989-063-3XL,196151246982
DX0989-063-2XL-TALL,196151246975
DX0989-063-2XL,196151246968
DX0989-063-XL-TALL,196151246951
DX0989-063-XL,196151246944
DX0989-063-L-TALL,196151246937
DX0989-063-L,196151246920
DX0989-063-M,196151246906
DX0989-063-S,196151246883
DX0989-063-XS,196151246876
DX0989-010-4XL-TALL,196151246715
DX0989-010-4XL,196151246708
DX0989-010-3XL-TALL,196151246692
DX0989-010-3XL,196151246685
DX0989-010-2XL-TALL,196151246678
DX0989-010-2XL,196151246661
DX0989-010-XL-TALL,196151246654
DX0989-010-XL,196151246647
DX0989-010-L-TALL,196151246630
DX0989-010-L,196151246623
DX0989-010-M-TALL,196151246616
DX0989-010-M,196151246609
DX0989-010-S-TALL,196151246593
DX0989-010-S,196151246586
DX0989-010-XS,196151246579
DM4755-010-2XL,195870397944
DM4755-010-XL,195870397920
DM4755-010-L,195870397906
DM4755-010-M,195870397883
DM4755-010-S,195870397876
DH0822-100-4XL,195866114555
DH0822-100-3XL,195866114548
DH0822-100-2XL,195866114531
DH0822-100-XL,195866114524
DH0822-100-L,195866114517
DH0822-100-M,195866114500
DH0822-100-S,195866114494
DH0822-100-XS,195866114487
DH0822-010-4XL,195866114395
DH0822-010-3XL,195866114388
DH0822-010-2XL,195866114371
DH0857-100-2XL,195866010154
DH1640-419-MISC,195245463809
DM8550-010-XL,195245231798
DM8550-010-L,195245231781
DH2309-100-XL,195245090944
DH2309-100-L,195245090937
DH2309-100-M,195245090920
DH2309-100-S,195245090913
DH2309-100-XS,195245090906
DH2309-010-XL,195245090883
DH2309-010-M,195245090869
DH1926-100-MISC,195245087937
DH1926-010-MISC,195245087913
DH7710-010-MISC,195244773374
DD0638-010-2XL,195239679100
DD0638-010-XL,195239679094
DD0638-010-L,195239679087
DD0638-010-M,195239679070
DD0638-010-S,195239679063
DD0638-010-XS,195239679056
DD0636-010-2XL,195239677786
DD0636-010-XL,195239677779
DD0636-010-L,195239677762
DD0636-010-M,195239677755
DD0636-010-S,195239677748
DD0636-010-XS,195239677731
DD1919-010-L,195237755073
DD1919-010-M,195237755059
DD1919-010-S,195237755035
DA3584-100-14-16,194958591441
DA3584-100-12-,194958591434
DA3584-100-10-,194958591427
DA3584-100-8-9.5,194958591410
DA3584-100-6-7.5,194958591403
DA3584-010-14-16,194958591380
DA3584-010-12-,194958591373
DA3584-010-10-,194958591366
DA3584-010-8-9.5,194958591359
DA3584-010-6-7.5,194958591342
CZ9857-010-2XS,194954834092
CZ9831-010-2XS,194954833910
CW6157-451-XL,194953081213
CW6157-451-L,194953081206
CW6157-451-M,194953081190
CW6157-451-S,194953081183
CW6157-010-2XL,194953081176
CW6157-010-XL,194953081169
CW6157-010-M,194953081145
CW6157-010-S,194953081138
CW6156-451-2XL,194953081121
CW6156-451-XL,194953081114
CW6156-451-L,194953081107
CW6156-451-M,194953081091
CW6156-451-S,194953081084
CW6156-010-2XL,194953081077
CW6156-010-XL,194953081060
CW6156-010-L,194953081053
CW6156-010-M,194953081046
CW6156-010-S,194953081039
DA0483-013-L,194502767995
DA0483-013-M,194502767988
DA0483-013-S,194502767971
DA0481-011-2XL,194502767773
DA0481-011-L,194502767759
DA0481-011-S,194502767735
CZ9831-010-2XL,194502755121
CZ9831-010-XL,194502755114
CZ9831-010-L,194502755107
CZ9831-010-M,194502755091
CZ9831-010-S,194502755084
CZ9831-010-XS,194502755077
CW6849-100-XL,194502714821
CW6849-100-S,194502714791
CW6849-010-XL,194502714760
CW6849-010-L,194502714753
CW6849-010-M,194502714746
CW6849-010-S,194502714739
CW6849-010-XS,194502714722
CV2545-010-2XL,194502691443
CV2545-010-XL,194502691429
CV2545-010-L,194502691405
CV2545-010-M,194502691382
CV2545-010-S,194502691368
CW6597-010-M,194502380071
CW6957-010-M,194502380071
CW6904-451-XL,194502374834
CW6904-451-L,194502374827
CW6904-451-M,194502374810
CW6904-451-S,194502374803
CW6904-063-XL,194502374681
CW6904-063-L,194502374674
CW6904-063-M,194502374667
CW6904-063-S,194502374650
CW6904-010-XL,194502374636
CW6904-010-XS,194502374599
CW6902-451-2XL,194502374155
CW6902-451-XL,194502374148
CW6902-451-L,194502374131
CW6902-451-M,194502374124
CW6902-451-S,194502374117
CW6902-063-2XL,194502373974
CW6902-063-XL,194502373967
CW6902-063-L,194502373950
CW6902-063-M,194502373943
CW6902-063-S,194502373936
CW6902-010-3XL,194502373929
CW6902-010-2XL,194502373912
CW6902-010-XL,194502373905
CW6902-010-L,194502373899
CW6902-010-M,194502373882
CW6902-010-S,194502373875
CW6896-463-L,194502373752
CW6896-451-XL,194502373714
CW6896-451-L,194502373707
CW6896-451-M,194502373691
CW6896-451-S,194502373684
CW6896-451-XS,194502373677
CW6896-063-XL,194502373462
CW6896-063-L,194502373455
CW6896-063-M,194502373448
CW6896-063-S,194502373431
CW6896-063-XS,194502373424
CW6896-010-XL,194502373417
CW6896-010-L,194502373400
CW6896-010-M,194502373394
CW6896-010-S,194502373387
CW6896-010-XS,194502373370
CW6894-463-L,194502372618
CW6894-451-2XL,194502372571
CW6894-451-XL,194502372564
CW6894-451-L,194502372557
CW6894-451-M,194502372540
CW6894-451-S,194502372533
CW6894-063-2XL,194502372274
CW6894-063-XL,194502372267
CW6894-063-L,194502372250
CW6894-063-M,194502372243
CW6894-063-S,194502372236
CW6894-010-2XL,194502372212
CW6894-010-XL,194502372205
CW6894-010-L,194502372199
CW6894-010-M,194502372182
CW6894-010-S,194502372175
CW6159-451-XL,194502362657
CW6159-451-L,194502362640
CW6159-451-M,194502362633
CW6159-451-S,194502362626
CW6159-451-XS,194502362619
CW6159-010-XL,194502362602
CW6159-010-L,194502362596
CW6159-010-M,194502362589
CW6159-010-S,194502362572
CW6159-010-XS,194502362565
CW3826-819-2XL,194502339352
CW3826-819-XL,194502339345
CW3826-819-L,194502339338
CW3826-819-M,194502339321
CW3826-819-S,194502339314
CW6124-451-XL,194502305425
CW6122-451-2XL,194502304886
CW6122-451-XL,194502304879
CW6122-451-L,194502304862
CW6122-451-M,194502304855
CU9679-451-2XL,194501283199
CU9679-451-XL,194501283182
CU9679-451-L,194501283175
CU9679-451-M,194501283168
CU9679-451-XS,194501283144
DC2647-010-MISC,194500898806
DA2571-010-MISC,194500895911
CU8090-410-MISC,194500857063
CU8090-010-MISC,194500857056
CZ9857-010-XL,194499513544
CZ9857-010-L,194499513537
CZ9857-010-M,194499513520
CZ9857-010-S,194499513513
CU5992-010-3XL,194496038224
CU5992-010-2XL,194493341457
CU5992-010-XL,194493341440
CU5992-010-L,194493341433
CU5992-010-M,194493341426
CU5992-010-S,194493341419
CU5982-010-2XL,194277666349
CU5982-010-XL,194277666332
CU5982-010-L,194277666325
CU5982-010-M,194277666318
CU5982-010-S,194277666301
CQ9334-010-1SIZE,194275984339
BV6728-412-2XL,194272769038
BV6728-616-XL,194272667884
BV6728-616-L,194272667877
BV6728-616-M,194272667860
BV6728-616-S,194272667853
BV6728-616-XS,194272667846
BV6708-616-2XL,194272667785
BV6708-616-XL,194272667778
BV6708-616-L,194272667761
BV6708-616-M,194272667754
BV6708-616-S,194272667747
AR5193-010-3XL,194272299313
BV3636-010-L,193655465666
CK0450-010-S,193655293689
CK1004-010-L,193654924980
CK1004-010-XS,193654924959
BV6906-451-XL,193654358709
BV6906-451-L,193654358693
BV6906-451-M,193654358686
BV6906-451-S,193654358679
BV6903-100-XL,193654357504
BV6903-100-L,193654357481
BV6903-100-M,193654357481
BV6903-100-S,193654357474
BV903-100-XS,193654357467
BV6902-010-XL,193654357351
BV6902-010-M,193654357337
BV6891-010-M,193654353889
BV6891-010-XS,193654353865
BV6885-010-L,193654351984
BV6879-463-2XL,193654350000
BV6879-463-XL,193654349998
BV6879-463-M,193654349974
BV6879-463-S,193654349967
BV6879-410-2XL,193654349950
BV6879-410-XL,193654349943
BV6879-410-L,193654349936
BV6879-410-M,193654349929
BV6879-410-S,193654349912
BV6879-100-2XL,193654349851
BV6879-100-XL,193654349844
BV6879-100-L,193654349837
BV6879-100-M,193654349820
BV6879-100-S,193654349813
BV6879-010-2XL,193654349806
BV6879-010-XL,193654349790
BV6879-010-L,193654349783
BV6879-010-M,193654349776
BV6879-010-S,193654349769
BV6877-010-2XL,193654349608
BV6877-010-XL,193654349592
BV6877-010-L,193654349585
BV6877-010-S,193654349561
BV6865-677-L,193654347949
BV6865-547-XS,193654347765
BV6865-100-M,193654347482
BV6865-100-S,193654347475
BV6865-100-XS,193654347468
BV6860-010-XL,193654347406
BV6860-010-L,193654347390
BV6860-010-M,193654347383
BV6860-010-S,193654347376
BV6860-010-XS,193654347369
BV6855-547-2XL,193654341206
BV6855-410-2XL,193654341053
BV6855-410-XL,193654341046
BV6855-410-L,193654341039
BV6855-100-L,193654340889
BV6741-819-S,193654336721
BV6741-819-XS,193654336714
BV6741-719-XL,193654336653
BV6741-719-L,193654336646
BV6741-719-M,193654336639
BV6741-719-S,193654336622
BV6741-719-XS,193654336615
BV6741-657-XL,193654336509
BV6741-657-L,193654336493
BV6741-657-M,193654336486
BV6741-547-XL,193654336400
BV6741-547-L,193654336394
BV6741-547-M,193654336387
BV6741-547-S,193654336370
BV6741-547-XS,193654336363
BV6741-463-S,193654336325
BV6741-463-XS,193654336318
BV6741-412-S,193654336271
BV6741-412-XS,193654336264
BV6741-410-XL,193654336257
BV6741-410-L,193654336240
BV6741-410-M,193654336233
BV6741-410-S,193654336226
BV6741-410-XS,193654336219
BV6741-100-XL,193654336103
BV6741-100-L,193654336097
BV6741-100-M,193654336080
BV6741-100-S,193654336073
BV6741-100-XS,193654336066
BV6741-010-XL,193654336004
BV6741-010-L,193654335991
BV6741-010-M,193654335984
BV6741-010-S,193654335977
BV6741-010-XS,193654335960
BV6728-819-XL,193654332709
BV6728-819-L,193654332693
BV6728-819-M,193654332686
BV6728-819-S,193654332679
BV6728-819-XS,193654332662
BV6728-719-XL,193654332600
BV6728-719-L,193654332594
BV6728-719-M,193654332587
BV6728-719-S,193654332570
BV6728-719-XS,193654332563
BV6728-657-XL,193654332457
BV6728-657-L,193654332440
BV6728-657-M,193654332433
BV6728-657-S,193654332426
BV6728-657-XS,193654332419
BV6728-547-XL,193654332358
BV6728-547-L,193654332341
BV6728-547-M,193654332334
BV6728-547-S,193654332327
BV6728-547-XS,193654332310
BV6728-412-L,193654332242
BV6728-412-S,193654332228
BV6728-412-XS,193654332211
BV6728-410-XL,193654332204
BV6728-410-L,193654332198
BV6728-410-M,193654332181
BV6728-410-S,193654332174
BV6728-410-XS,193654332167
BV6728-354-XL,193654332150
BV6728-354-L,193654332143
BV6728-354-M,193654332136
BV6728-354-S,193654332129
BV6728-354-XS,193654332112
BV6728-100-XL,193654332051
BV6728-100-L,193654332044
BV6728-100-M,193654332037
BV6728-100-S,193654332020
BV6728-100-XS,193654332013
BV6728-010-XL,193654331955
BV6728-010-L,193654331948
BV6728-010-M,193654331931
BV6728-010-S,193654331924
BV6728-010-XS,193654331917
BV6708-819-XL,193654327996
BV6708-819-L,193654327989
BV6708-819-M,193654327972
BV6708-719-2XL,193654327903
BV6708-719-XL,193654327897
BV6708-719-L,193654327880
BV6708-719-M,193654327873
BV6708-719-S,193654327866
BV6708-702-2XL,193654327859
BV6708-657-2XL,193654327750
BV6708-657-XL,193654327743
BV6708-657-L,193654327736
BV6708-657-M,193654327729
BV6708-547-2XL,193654327705
BV6708-547-XL,193654327699
BV6708-547-L,193654327682
BV6708-547-M,193654327675
BV6708-547-S,193654327668
BV6708-463-2XL,193654327651
BV6708-463-XL,193654327644
BV6708-463-L,193654327637
BV6708-463-S,193654327613
BV6708-412-2XL,193654327606
BV6708-412-XL,193654327590
BV6708-412-M,193654327576
BV6708-412-S,193654327569
BV6708-410-2XL,193654327552
BV6708-410-XL,193654327545
BV6708-410-L,193654327538
BV6708-410-M,193654327521
BV6708-410-S,193654327514
BV6708-354-2XL,193654327507
BV6708-354-XL,193654327491
BV6708-354-L,193654327484
BV6708-354-M,193654327477
BV6708-354-S,193654327460
BV6708-302-2XL,193654327453
BV6708-302-XL,193654327446
BV6708-302-M,193654327422
BV6708-302-S,193654327415
BV6708-100-2XL,193654327408
BV6708-100-XL,193654327392
BV6708-100-L,193654327385
BV6708-100-M,193654327378
BV6708-100-S,193654327361
BV6708-010-2XL,193654327309
BV6708-010-XL,193654327293
BV6708-010-L,193654327286
BV6708-010-M,193654327279
BV6708-010-S,193654327262
BV6706-410-L,193654326883
BV6706-410-M,193654326876
BV6706-410-S,193654326869
BV6706-100-2XL,193654326852
BV6706-100-XL,193654326845
BV6706-100-L,193654326838
BV6706-100-M,193654326821
BV6706-100-S,193654326814
BV6706-010-2XL,193654326807
BV6706-010-XL,193654326791
BV6706-010-L,193654326784
BV6706-010-M,193654326777
BV6706-010-S,193654326760
BV2654-063-3XL-TALL,193147704815
BV2654-063-3XL,193147704808
BV2654-063-2XL-TALL,193147704792
BV2654-063-2XL,193147704785
BV2654-063-XL-TALL,193147704778
BV2654-063-XL,193147704761
BV2654-063-L-TALL,193147704754
BV2654-063-L,193147704747
BV2654-063-M,193147704723
BV2654-063-S,193147704709
BV2654-010-3XL,193147704648
BV2654-010-2XL,193147704624
BV2654-010-XL,193147704600
AR5193-010-2XL,191888647057
AR5193-010-XL,191888647040
AR5193-010-L,191888647033
AR5193-010-M,191888647026
AR5193-010-S,191888647019
AQ3210-010-XL,191888186846
AQ3210-010-L,191888186839
AQ3210-010-M,191888186822
AQ3210-010-S,191888186815
AQ3210-010-XS,191888186808
SX7622-100-L,191885403366
SX7622-100-M,191885403359
SX7622-013-L,191885403281
SX7622-013-M,191885403274
SX7622-013-S,191885403267
519829-100-M,91201032952
